adult_DL_sub-11_T1w,5740,1363,1198,261,150,27,1860,116,1357,332,26,254,381,4,366,1733,12,596,50781,1674,14792,5489,32,5205,6273,62,5986,239309,4958,68451,193563,4596,54232,7654,22,4987,5226,21,3507,2996274,84504,803160,3007180,100619,978665,3061,251,2523,4878,1119,1354,787,216,308,300,69,58,65449,24037,5478,52748,24497,7565,487,0,483,90,1,49,6878,30,5487,7054,561,4560,29663,913,10392,12330,776,10058,2278,472,797,5630,378,3059,75606,2513,13267,16280,203,7280,11539,422,2007,1370,54,1063,1306,198,1069,12726,1742,10862,12368,1066,9471,9583,468,6751,12424,389,5040,5509,904,1085,3780,934,1326,14223,1495,10325,27903,1662,11919,6892,339,6527,16717,529,6026,9881,685,6911,7784,361,5223,10410,792,9451,12757,417,8912,5801,735,3438,15192,245,1224,2273,161,2073,3617,218,2641,14301,2331,2330,50570,5028,6231,14177,1326,8658,8268,651,4909,4225,1326,2365,4541,1328,2211,27949,393,11055,16025,600,13217,48250,229,11759,15289,803,4339,27471,2219,23899,53329,2236,19189,9107,1653,5372,2002,138,500,11339,1010,9848,25450,818,11708,7905,1742,5779,7367,1322,5636,63694,13873,23637,53608,8029,33546,14260,730,13411,16444,1197,14443,12171,2117,3307,9919,2339,6545,604,190,384,550,24,249,8042,248,7275,5929,194,4325,14129,3426,9821,14375,2857,9009,53137,600,12676,42670,468,13831,4832,414,3645,5894,109,5514,11599,1093,9340,6578,1317,4980,7643,842,5017,5642,582,4330,6074,510,5490,2147,181,1623,10172,1956,6985,15866,1019,8032,27771,3521,19436,48468,1711,19801,2963,406,1621,18715,41,876,4343,266,3661,17858,112,3747,5709,470,4159,3884,247,3434,36486,2102,16855,25505,1111,13055,8061,927,5321,6648,310,2946,13196,552,5948,14615,49,3332,34907,2828,25353,35822,3062,28322,3823,292,3440,7655,145,3373,2348,646,1614,3004,774,2165,54763,13410,25004,40736,5344,31861,13702,1568,11680,16346,1172,14566,16815,2402,12136,17677,1157,16146,6785,313,5749,6442,294,4911,23929,1477,11670,36699,2115,18425,16254,900,11346,28327,640,12124,17174,1295,8675,11681,788,5651,5898,1217,3266,5786,939,4822,10428,234,3196,8356,191,3818,,1
adult_DL_sub-12_T1w,4902,1257,1523,255,14,3,1371,13,1244,563,19,410,418,1,406,827,6,200,73342,257,10281,5362,48,5238,5659,12,5355,104453,1446,64811,162785,1829,57745,4650,0,4410,3418,1,1983,3030237,32682,809297,2913072,27790,984756,2671,213,2131,6303,825,1709,1068,223,521,472,121,161,44468,17662,6686,43151,16702,8997,986,0,951,92,0,43,6942,40,6236,5374,157,4908,47754,89,8440,12632,451,9331,4666,45,518,7023,114,1345,44020,966,14134,11779,259,6399,12615,311,1752,1365,31,1101,1040,64,943,11481,1073,9006,9688,895,8159,12432,330,7463,10888,319,5525,2575,1147,870,3696,311,986,11319,1193,8051,28529,2068,13728,5151,197,4951,20693,314,4585,8767,378,6577,9755,363,7960,10551,1091,9304,8858,333,6943,5384,328,4789,8379,28,925,3306,147,2957,4021,351,2854,11817,1380,2266,29727,3176,7519,15007,862,12219,11276,329,5693,3109,1391,1663,3182,1079,1774,32135,303,10559,10888,137,9358,43205,157,14573,29145,611,9216,31884,1644,24118,62029,1217,19854,6376,1555,4373,1906,168,365,12553,608,9131,19779,509,9084,6601,1570,4467,6641,1614,4612,42172,10642,25635,52500,5908,35705,12422,211,11611,13951,834,12920,7487,2001,3078,8238,1649,5820,1420,51,1273,1285,14,1111,8834,171,8109,8104,206,7021,16091,3926,11810,14965,2537,11597,37530,222,15869,49471,457,15762,5032,522,3590,6984,29,6842,19347,357,9212,6935,470,6151,8420,813,6955,8580,496,7522,3523,280,3162,2929,213,2344,11194,765,8135,12888,544,6870,31817,1847,21579,40941,1184,17571,3269,147,1750,23509,32,553,4489,189,3751,16300,372,3316,7342,193,6246,4925,107,4640,42286,1433,20353,30999,854,18515,5930,450,4975,5251,344,3483,7723,921,4483,16154,103,3674,37493,1906,32843,38092,2064,32313,5243,133,4406,8068,97,3843,2629,158,2302,1881,173,1646,43626,8500,24866,40687,3645,30967,14411,1214,12865,14505,831,13575,17319,758,13167,18985,1059,16391,9485,362,5803,5919,125,5103,36022,443,10581,39949,1572,17306,17676,873,10084,22988,332,11293,28014,719,8444,15248,759,10387,5681,904,4596,4645,612,3771,9923,139,3567,8202,57,2273,,1
adult_DL_sub-13_T1w,3782,1,0,772,0,0,951,0,0,1064,0,0,231,0,0,1148,0,0,57958,0,0,6138,0,0,7598,0,0,127088,1,0,154459,16,0,2873,0,0,7620,0,0,2804224,10152,0,2851641,6558,0,3843,0,0,6620,0,0,665,0,0,351,1,0,62568,143,0,58820,155,0,444,0,0,38,0,0,5311,0,0,6569,2,0,26018,3,0,9675,203,0,5278,0,0,5383,0,0,60911,0,0,10729,0,0,5331,0,0,2276,0,0,1025,0,0,19440,1,0,12347,4,0,10596,0,0,9245,0,0,5126,0,0,2741,0,0,14650,4,0,24810,0,0,6146,0,0,18658,0,0,13659,0,0,11749,0,0,13769,1,0,19538,0,0,5919,0,0,5449,0,0,5429,0,0,4322,0,0,14045,0,0,38025,0,0,12848,0,0,6945,0,0,5356,0,0,4770,0,0,31295,0,0,10804,0,0,50215,1,0,32397,8,0,28812,0,0,42332,0,0,14635,0,0,2928,0,0,20341,0,0,28380,1,0,10057,3,0,11005,0,0,52491,9,0,65473,23,0,14658,0,0,21610,6,0,10843,0,0,14157,0,0,1140,0,0,1581,0,0,6550,0,0,7698,0,0,28018,0,0,22739,3,0,35945,0,0,34945,0,0,4158,2,0,6337,0,0,12092,0,0,9241,0,0,7033,0,0,10688,0,0,9675,1,0,3310,0,0,7471,137,0,14704,187,0,26495,2,0,29425,0,0,3795,1,0,16608,0,0,7284,0,0,11162,0,0,6863,3,0,4566,0,0,29942,0,0,24361,0,0,12961,0,0,5307,0,0,10325,0,0,17065,1,0,40085,0,0,45616,0,0,4829,0,0,10438,6,0,4054,1,0,3224,0,0,61164,0,0,45521,0,0,10588,1,0,17115,0,0,18664,11,0,17886,0,0,11420,0,0,5521,0,0,21025,1,0,26738,0,0,14451,0,0,30439,0,0,23462,39,0,24640,0,0,7637,0,0,5457,5,0,4824,0,0,15914,0,0,,1
adult_DL_sub-18_T1w,3431,595,1210,257,81,9,1824,31,1480,330,6,238,321,38,243,1471,1,486,80576,275,11911,6974,99,6781,7676,39,6605,160082,1524,52250,204971,2736,50600,13936,0,8720,4696,1,2405,3338745,40609,848820,3335595,43664,1010117,2612,410,1958,7149,3857,1525,663,237,318,546,132,151,83122,24080,6101,44593,19744,7197,618,0,550,75,0,8,7400,13,6746,5115,375,4135,20665,303,8176,8471,375,6732,5294,155,820,4084,305,1441,97049,1942,12131,13506,60,4672,11710,232,1414,821,37,636,1470,193,1239,11170,967,10076,11640,455,10026,8990,493,4996,6282,415,5384,4711,645,1151,4164,319,1106,10522,1174,6640,36855,800,12725,3774,232,3485,17902,251,7011,11556,355,6546,7978,191,6124,9461,227,9162,14081,88,8889,4727,282,4000,13875,66,651,2657,49,2064,3979,100,2431,15026,1503,2297,52859,3663,10247,13709,457,10112,7763,341,4194,3320,410,2873,4447,307,3467,23362,210,9226,13343,137,12161,54775,61,13161,20629,1133,4299,28349,2093,23827,51663,981,20032,13243,1214,8414,3212,191,1366,11779,423,10322,22359,269,11471,6733,817,5830,7586,507,5338,63212,6455,37202,52527,3084,40814,10971,87,10681,17434,619,15935,14670,1271,4341,10015,813,6679,2407,46,2348,3038,16,2636,9033,15,7738,7265,73,6246,18469,1714,16387,14162,1003,11039,42737,381,18617,47772,120,17723,4499,346,3200,9380,153,6480,15704,449,9225,6696,271,5808,9372,448,4790,5789,180,5254,5195,150,3522,2241,88,1998,10664,550,9503,17832,439,7839,27872,1599,22383,41060,604,24642,3331,129,1170,23408,27,381,5588,36,4278,16019,199,3851,5771,276,4478,4809,41,4568,35917,416,18006,27941,235,14569,5911,247,5078,6612,169,2662,10281,297,5013,15383,12,3256,40807,983,33446,39621,725,33334,4203,417,3719,8228,9,2627,1766,277,1412,2109,256,1821,47994,3918,33862,42186,1658,35973,14139,375,12917,16727,215,16039,16457,914,13437,16170,223,14042,5285,121,4499,7018,55,6280,34882,503,18264,46475,1038,17421,16162,1528,11481,28048,233,10078,20462,1194,12882,20719,340,12309,5809,435,4650,5416,366,4913,9241,62,2846,9865,30,2631,,1
adult_DL_sub-19_T1w,3580,678,1097,551,204,12,1239,55,960,417,38,178,87,19,60,1316,7,164,89024,1213,16251,5186,8,5010,5937,227,5467,201211,3964,81604,168054,7244,60481,4957,22,3887,3503,94,2288,2909652,66050,852366,3067756,108679,1168411,3098,231,1271,4381,213,72,294,71,153,152,41,51,69681,19466,6497,40681,17070,7632,285,0,118,19,0,1,8224,60,5808,5424,184,4173,22446,1012,10004,10716,1182,7658,10979,675,577,4116,235,847,88181,1520,10287,21943,230,5103,8365,499,3018,1475,91,950,650,86,562,12625,966,11503,9453,538,7235,9781,480,8752,7679,354,6327,4208,230,1628,2588,241,1379,11261,1329,6841,35492,1126,13581,4226,282,3936,20557,313,8894,14494,590,10703,13116,408,7975,12052,517,10883,20586,458,9333,5513,529,4201,5144,224,1304,1973,49,1611,4293,116,1663,16070,2045,4397,56500,4585,12667,17843,377,10294,10035,421,5341,4947,610,4187,3886,342,2057,17896,191,10052,5112,471,4056,48970,322,15657,23371,1079,9879,29063,2071,24219,42543,1116,20154,13676,1431,9792,1992,61,1250,10891,470,8861,17413,420,9894,8893,851,7648,9166,885,7288,88582,6576,36378,55145,5342,38776,5317,224,4910,15194,678,12752,9997,425,4533,10691,1023,7463,903,68,783,919,45,699,5507,180,4906,5998,298,4536,19423,2065,16898,18619,2014,12914,34684,253,15143,30705,279,14493,2921,257,1594,4381,74,4212,12403,652,8073,7669,424,7215,9006,472,3686,5833,488,4359,5953,251,4478,2906,129,2100,7719,755,5353,13049,1203,8692,25179,2771,18179,41058,1565,18527,4959,181,1433,20464,47,259,7327,423,5890,14373,125,3873,4971,210,3628,4342,51,3833,29405,713,15288,26200,559,10410,10562,793,7752,6221,130,2377,11021,635,6811,22873,32,2688,30097,1133,23221,40794,2580,32119,5710,49,4237,11235,114,5254,2525,200,2153,2955,483,2362,56268,3865,35584,40089,3145,34788,12146,488,10923,15806,640,13351,16987,1101,13249,18579,850,16679,5478,296,4708,5302,247,3426,19869,1105,9195,24806,2388,13720,20445,511,15299,36690,282,22422,17193,1258,7673,15759,493,7542,7757,457,6142,3794,404,3018,6397,86,4178,13625,71,4923,,1
adult_DL_sub-23_T1w,3246,1510,965,416,62,61,1313,40,749,471,15,438,254,2,206,1973,0,459,67476,501,17060,5142,54,4783,5730,11,5618,175798,3893,81173,178583,4087,67977,8250,18,3690,3213,1,2591,3399539,34564,824014,3428270,33644,1051198,2624,109,2123,4573,52,2032,792,109,488,458,77,224,111499,38604,8568,47709,25082,8496,209,1,176,5,0,0,9078,26,6503,7583,17,6258,15516,170,10995,10482,281,8748,12544,116,1613,6837,129,2272,61503,1145,13911,16085,91,5824,10485,734,3243,637,47,383,640,104,517,15949,898,14492,12372,587,10493,10561,306,8566,13117,372,8130,3399,656,1603,3845,300,2167,14970,608,10331,24258,811,12273,4007,122,3621,23097,331,11066,11019,520,7314,9498,108,7079,8778,159,8442,14388,120,6764,4566,189,4091,15771,92,1810,2866,152,2571,4164,125,2495,18103,1421,4588,59731,3763,13276,18219,558,14658,11694,196,9135,3058,741,2191,3207,486,1991,36900,354,15189,12694,292,10459,52353,113,14767,23092,385,11931,27905,1263,24869,55896,717,19476,8695,1236,6378,4779,173,1629,9757,333,7917,21566,276,10689,6192,956,5092,8063,672,5163,93536,8729,33324,62443,5109,47857,8371,247,8059,12151,1224,10423,11130,1083,3427,7684,1047,5995,780,34,735,1249,12,1037,5979,178,5186,3721,94,2826,15536,2117,12786,15719,1863,11927,46726,307,19900,45049,237,16383,2878,237,2073,4704,114,4579,10488,203,6936,11267,584,9956,8285,439,4772,7689,308,6621,4282,251,3387,3806,163,2925,7877,376,6858,18548,309,9749,28041,1331,21716,45221,585,18817,4059,58,1870,26389,12,1046,6228,176,4839,17184,62,4290,5849,217,4599,5019,105,4720,43677,763,16634,25894,536,12746,6523,342,5564,9906,77,2911,10513,344,4799,17471,25,4147,36280,1249,28565,38622,1061,29190,4284,76,4106,12757,98,6844,2347,320,1862,2544,270,2255,53018,6655,36588,51423,4223,45691,16594,1209,15008,18792,976,17302,20563,2134,14494,16439,773,14452,6507,154,5968,4944,118,3996,27897,454,10309,25427,803,18691,15195,489,11819,39546,344,20565,23213,1232,9672,16184,367,8812,8232,770,5363,3808,383,3089,7192,290,2755,13698,115,3951,,1
adult_DL_sub-24_T1w,3436,1320,1138,233,173,51,1424,53,735,683,11,552,148,4,97,963,4,471,82585,759,16870,5788,46,5409,6328,284,5853,166410,4160,64796,192452,5662,62711,5356,2,4946,4255,16,2878,3048370,60402,812125,3087079,62881,1040875,2861,139,2052,5171,1055,1894,927,225,383,649,100,278,48910,16994,6889,35742,14010,9458,316,0,310,22,0,1,9365,19,6988,6669,143,6122,32681,622,7968,12837,699,9677,1862,201,378,4533,467,1983,45397,1493,13479,13201,325,5865,9736,754,2683,808,95,568,890,215,642,14483,2222,11117,12816,1167,9471,14634,383,7642,10962,228,7667,4257,1038,1559,4737,646,2334,16601,2312,11181,25330,2042,10875,7413,396,6934,26458,353,8519,10893,863,9121,10945,379,7704,9718,1045,8162,18830,300,7498,5229,491,4495,11086,112,752,2031,173,1824,4156,161,3224,18089,4057,2393,35771,6616,6564,17108,899,11363,16150,423,10283,4615,1442,3152,4308,1416,2336,37391,600,10589,11775,271,8638,48762,387,19487,34684,822,16441,30581,1885,22050,59706,1224,17493,8255,1886,5246,3817,581,1771,9982,574,8044,29552,588,11296,5993,1568,3848,6925,1405,4211,80971,21733,21287,62859,9130,39839,11608,410,9117,17689,1227,15866,11198,2008,4623,7766,1360,6116,1854,109,1705,2440,89,1994,6986,357,6158,9880,648,8236,16649,6459,9007,17690,4459,11427,39834,656,23444,43673,677,19558,4165,319,3280,6035,164,5544,22607,828,7974,6593,368,4891,9668,1200,5711,8396,701,6706,3409,492,2768,3178,464,2447,10607,1300,8143,17715,572,10217,28373,3114,21505,41034,1683,17158,3180,112,1697,25947,51,470,6115,389,5029,16183,291,4679,6532,879,4790,4746,294,4121,36295,2019,20289,38057,1373,17905,5764,544,4754,7265,373,4443,8425,423,4780,19530,115,4130,35347,3564,28176,40118,3682,30883,5686,309,4431,12873,241,4958,1377,136,1214,2128,630,1450,45763,16875,19672,43495,8004,31988,15591,2974,11480,14731,1988,12124,19064,3087,12910,17684,1559,14979,11073,312,5923,7075,216,6082,34132,1341,16089,34282,2170,17996,18268,920,13405,31897,954,18744,30590,1653,10655,19611,821,11150,5943,1606,3429,6409,1110,5225,9584,272,3047,9347,120,4058,,1
adult_DL_sub-25_T1w,4588,954,1509,482,167,14,1547,19,1093,476,0,315,659,0,653,1592,1,138,91843,166,13948,5875,12,5838,5003,4,4844,163522,921,70893,212446,1576,51824,5171,5,3810,3562,0,1772,3025186,28685,799337,3160339,29473,1015965,1875,52,1483,5165,362,300,976,58,432,321,81,20,58759,16549,5885,40300,16062,6718,328,0,80,14,0,0,11304,31,2969,2660,222,1321,11924,83,8736,8577,165,6158,3737,25,731,2547,131,956,97551,742,11288,17428,98,5267,13307,427,2386,1425,12,1259,857,41,790,13651,716,12415,9706,401,8851,10175,188,8682,4223,71,2854,3584,194,1863,4737,203,1785,20122,1089,14237,26467,833,9354,3992,136,3769,24554,125,7580,12103,306,8568,6991,88,5717,8299,186,8023,11577,126,5178,5362,256,4712,7449,90,995,2744,77,2477,1441,22,1260,19567,939,4720,54717,2038,12482,10267,251,6833,7835,216,4916,3643,782,2838,2823,677,1828,25433,150,11187,8227,62,7412,52957,74,17227,23435,760,10340,23575,653,21307,46048,802,16631,9022,960,6761,1182,62,528,10342,332,9112,27597,207,14179,8749,663,7860,8827,603,7070,56394,4429,30597,40130,3546,33255,10152,291,9776,16089,345,15656,11553,666,4014,11111,833,6646,1787,35,1736,1939,19,1743,6700,103,5859,9209,117,8735,16243,1551,14451,12780,1195,9459,51501,139,22409,47156,136,17997,1862,149,1557,4521,68,4428,8556,191,6351,5614,392,4827,8690,398,6486,5000,75,4796,3240,133,2743,1515,45,1149,7735,578,5621,12208,359,6445,26456,1382,20738,49563,645,17482,3098,68,1349,22432,31,307,6059,147,4532,16111,44,2122,7129,409,5280,3736,81,3234,37581,954,17706,32370,322,13869,8049,344,7237,9803,52,3724,11977,399,6177,23992,7,3965,35819,1041,29614,34604,877,27005,5091,58,3970,7447,35,3929,2377,147,1895,1928,171,1534,43155,3793,29951,40504,2086,34401,12761,556,11304,11784,243,10975,14771,763,11672,16247,840,14665,3622,61,3450,6701,66,5511,30600,495,14151,25445,899,14935,17524,185,13283,31363,171,16603,17876,429,8856,14288,618,9921,7416,558,6142,4658,313,4117,7580,52,2849,13774,56,2614,,1
adult_DL_sub-26_T1w,4952,1154,1111,516,145,5,1134,46,1021,374,2,343,484,18,286,2818,16,498,68748,616,13036,4985,33,4619,5527,17,5304,147722,6810,52949,136476,7170,45530,5145,9,4782,4601,18,3744,2724657,57252,888904,2826509,60266,1149382,2438,297,1371,6432,2291,632,596,116,363,514,193,177,56207,12992,5103,42380,14593,7685,659,1,460,166,0,42,10673,47,5402,4803,181,3707,14198,161,6745,10316,356,8059,4988,96,463,9209,290,3423,56860,3701,12257,12846,276,4755,5552,633,1456,1259,56,837,1285,232,1030,11099,3053,7776,12133,2075,8478,9417,1053,7487,10254,445,6006,3619,1535,730,4106,682,2016,14179,2131,8591,31705,2443,10195,4229,441,3758,13020,546,6878,11720,1123,7395,7760,484,6122,10139,850,8934,15599,494,9629,5161,293,4446,8621,492,901,2274,313,1714,3388,225,2332,12237,3971,2471,28081,7680,9070,13061,775,7679,7153,1143,4440,3969,2024,1924,3696,1717,1372,17977,938,10486,11875,660,9515,51546,297,16954,19948,805,8079,25520,2644,20507,43611,2776,16142,8787,2382,5346,2106,365,822,10049,1561,7701,26112,1485,8740,7786,2665,4950,9569,2190,6612,46459,26779,9826,47752,15533,25252,9118,711,8384,16605,1444,14365,7261,2833,1905,8462,2221,5789,1962,287,1672,806,89,695,4802,548,4167,5492,904,4537,17656,9104,8277,16292,7175,6441,50057,423,18573,44238,517,15104,2750,380,1502,4665,187,4450,12393,1395,7538,7523,1653,5795,8507,2837,4493,6448,751,5023,3593,693,2666,1909,265,1346,10242,1364,6947,12692,781,7453,29837,5183,19646,60864,2591,17281,4030,106,1522,18247,61,126,5994,362,4582,14287,327,3147,4752,342,3789,5643,306,4910,25580,3042,10912,27338,2212,13122,9309,1627,7283,6682,332,2840,9990,862,5550,17541,152,3478,32054,7760,20416,35988,6587,24760,4287,367,3112,7484,222,3971,2472,509,1891,2964,576,2184,47031,24030,12963,43825,18659,23270,15410,6737,8414,14315,5713,8301,13377,1746,8901,12584,1609,10299,4931,494,4058,6895,382,5160,18490,2501,9449,31622,4496,10532,14259,1062,9754,30975,738,15394,18630,2534,7824,19622,1133,9132,5970,2553,3063,4298,1034,2985,5523,258,2596,13250,123,2977,,1
adult_DL_sub-29_T1w,3968,425,1116,439,66,10,1599,9,1132,716,6,494,553,1,529,1474,2,747,64141,508,11629,5787,51,5348,5765,47,5612,158684,1391,57375,210172,2199,53317,9348,0,3619,3816,2,2291,3240287,32806,812896,3207931,41596,1032823,1542,68,1215,4270,1127,666,678,222,263,683,83,201,66574,15390,7332,41426,12860,9001,486,0,388,129,0,7,7082,37,6462,7039,17,5949,32318,182,9585,11295,433,9486,3658,57,448,5207,205,1834,82524,768,12221,9600,38,4983,13049,267,1401,1263,20,981,993,79,865,11265,881,9694,11022,383,10269,10391,208,8359,9197,238,6292,3379,211,1864,3858,189,2031,9092,955,6888,34998,831,12164,4712,120,4544,21347,119,9714,11496,218,8557,10890,161,8026,9669,374,9122,9819,62,6884,4159,270,3577,16377,151,1119,2288,40,2219,3408,111,2706,15288,1429,3683,49010,3058,11006,11353,827,8057,12061,525,5986,4734,491,4136,3911,520,2960,29853,207,11167,11334,269,9222,62945,95,19782,24268,909,9522,24643,1081,21600,52835,540,19003,8983,724,6648,3113,118,1549,12344,236,10625,29208,299,14063,9749,891,8635,8784,593,7029,58942,5937,37156,55194,4776,42194,11771,86,11674,19342,633,17746,17683,918,5815,8890,588,7480,1617,24,1571,1777,9,1592,7102,70,6637,6415,111,5496,16325,2118,13726,15747,1643,12436,44915,156,22378,41767,86,17234,3613,389,2646,8820,49,6974,10500,312,6778,9477,459,7748,6067,198,3714,8788,348,7508,5918,121,5494,1772,63,1578,8832,949,6579,17955,161,7629,23197,1371,17109,44942,529,21420,3658,100,1831,23778,46,553,5252,41,4130,16619,129,4564,6198,67,4739,5055,111,4752,40707,652,20347,33697,674,20897,5321,217,4525,7190,35,4869,10190,127,5008,15127,23,4275,38806,622,30895,41580,1619,32358,3994,40,3819,10607,48,4550,1800,86,1594,2448,74,2320,45829,5722,33350,43672,3232,37253,15625,680,14093,16676,535,15299,14991,573,11731,18529,578,15972,6865,97,6193,6188,89,5409,25753,309,10360,36931,828,17451,15271,373,11746,30271,147,14606,21590,517,10599,16450,133,11333,8102,427,5814,4238,355,3439,9800,68,2421,10273,8,4354,,1
adult_DL_sub-30_T1w,3340,935,1095,352,233,15,1919,9,1137,2487,1,378,954,2,705,1362,3,172,63579,505,17521,6063,2,5884,6495,47,6136,132526,2062,44974,203486,3056,37296,2440,1,1567,4108,15,1924,3063528,51523,798867,3213784,38460,1063208,1965,150,1357,4673,1424,980,244,97,120,410,203,88,84236,22671,6457,40293,14319,7848,480,0,369,19,0,0,9780,93,5132,5715,18,3559,11946,61,8497,10532,381,7093,2653,198,440,4927,141,1790,102561,1356,10585,18101,160,6041,9978,357,1100,1339,26,581,952,54,853,15818,1319,13787,10461,610,8174,10691,402,9410,4692,146,4027,4659,262,1684,3994,271,1455,9833,1067,6187,31158,898,8544,4186,49,4089,27669,234,10853,12877,812,7628,7716,168,4803,10425,343,9599,12103,212,5394,5058,263,4095,17030,78,1686,2897,121,2459,3074,30,2457,22879,1498,5171,74808,3727,12198,17622,395,11574,8002,387,3067,3638,858,2729,5085,1002,2432,16934,201,9004,6743,230,4948,56651,225,13273,23766,883,8182,20855,947,17177,49333,906,14362,11035,976,7662,1226,127,684,10170,888,7567,25493,569,10941,9906,1165,8128,10842,786,6756,72350,8558,35890,55176,4887,41509,9700,203,9302,13494,680,12409,13860,1153,4272,10852,1827,6877,649,30,600,566,41,422,5799,292,4761,6719,300,6034,24392,2885,20166,18523,2347,13437,32026,251,17707,46445,209,12548,2877,304,2032,4378,156,3560,10122,180,4850,5836,545,4272,7681,430,4657,4800,327,4266,4469,193,3546,1673,43,1077,8652,623,5265,20101,545,8689,28580,2257,17133,47542,786,16502,4418,113,1452,20318,53,88,4834,340,3319,18482,86,2927,6960,277,5417,6107,180,5166,35950,1328,11581,18443,498,8056,8122,515,6606,3831,76,3131,9899,545,6097,25343,34,3961,36945,1575,27165,39831,2054,31388,3461,37,2960,8653,101,5013,2622,427,2084,1789,265,1482,52910,7010,32103,44083,4204,36525,15718,1367,13625,13892,783,12147,12827,1018,9990,12197,333,9043,4952,381,4298,6288,124,4200,21241,920,9055,22424,938,10920,14058,566,10300,36860,273,18194,16338,1051,8113,20837,1249,7500,7235,564,5646,2604,154,1983,6057,187,2131,17292,40,3591,,1
adult_DL_sub-31_T1w,3022,245,1186,246,0,88,1427,0,1415,570,0,404,436,0,413,1942,0,85,91137,2,16133,5290,0,5248,5764,0,5660,137031,0,64544,177354,9,64734,3858,0,3480,4381,0,3935,2567795,35346,924674,2758008,21397,1211226,1578,2,1026,5119,68,614,260,0,155,378,1,110,55146,21061,13806,38462,9488,18015,772,0,362,71,0,2,8608,0,5967,5639,0,4802,20058,1,7449,8492,0,7302,4034,1,620,6150,0,1976,71160,1,20577,12457,0,6151,9982,1,2632,1777,0,1164,1189,0,1177,11971,32,11541,9776,167,8293,9295,22,8188,8710,0,8183,5756,22,2666,4970,0,2353,12982,12,10245,35762,1,13225,4685,3,4648,16970,2,7901,13623,12,10731,9809,0,7444,9879,0,8376,22348,1,7582,4863,0,4150,6516,216,751,1198,7,912,2538,0,2315,25810,6,6922,46525,7,19004,12353,0,9390,7102,4,4027,4758,0,4696,4962,0,3681,17356,134,11589,9871,5,8718,45959,84,14704,26894,433,11063,23855,11,21910,40547,1,15740,14998,22,11884,1540,4,710,13403,0,9707,25924,71,10728,9951,15,9620,10044,8,9003,53247,1,36891,62740,882,48722,12487,0,11750,14317,25,11946,12921,0,6725,9368,0,8855,1539,0,1504,1910,0,1840,7846,0,7730,8181,0,7716,13917,0,13359,14197,0,11538,39875,0,16108,42694,0,16419,6852,2,4251,5625,1,5563,10130,5,8199,7807,0,7722,6594,0,3827,5712,0,4300,6016,18,5263,3156,0,2990,9964,118,8512,13591,716,9578,29699,29,24815,47659,3,20856,3135,0,1105,19411,0,459,5736,0,4487,19315,0,4366,5886,5,5296,6744,0,5920,30139,1,14901,25966,1,15426,8821,3,6282,7500,4,5264,10173,0,6701,19536,0,3482,32098,0,24948,41395,3,33896,4414,0,3685,7798,0,4457,2245,0,2155,2262,5,2081,67420,2,40540,39391,16,35957,11572,0,10924,15624,1,14794,17340,16,14568,17476,1,15984,7347,0,6865,8094,0,7347,21929,2,9572,30512,6,15850,15058,0,11704,30600,0,14306,15201,6,8298,18754,12,10426,6863,0,6356,5770,0,5610,5882,0,3041,14646,0,3173,,1
adult_DL_sub-32_T1w,5255,2064,1071,273,179,1,1300,43,1097,879,75,623,636,13,419,2107,6,128,61728,1207,19423,5700,89,5491,5688,64,5523,233325,5695,67155,219682,6507,56061,3982,5,3772,4516,7,3341,2601652,81201,877794,2655965,69736,1112268,2386,254,657,4904,323,169,593,165,209,567,87,69,73663,30648,6887,73186,21041,7025,454,0,453,32,0,0,7659,29,7201,9002,790,6985,31362,683,7213,12415,711,8284,2974,140,474,4128,410,1048,53893,1828,11138,13827,506,5211,6431,1102,1506,1760,81,924,1563,228,1108,18246,4794,12595,12766,1175,11085,13073,1003,9569,8577,309,7878,3477,978,1141,3085,908,1589,17523,1961,9068,26287,3005,13055,4939,251,4680,25997,783,13693,14440,1483,8940,10956,546,9186,13751,861,9064,15712,616,10670,6697,702,4920,9685,266,502,4026,497,3524,3038,166,2807,26922,3449,3750,39416,7248,9255,13673,1724,9278,8649,508,4966,4402,1123,3089,4583,1101,3251,22834,929,15669,18768,614,17915,44795,734,15719,24381,1880,9407,29204,2617,24320,51092,2788,19338,11967,3424,5883,3538,524,1766,11591,1183,8165,20215,1411,9724,11208,2196,8048,9251,1839,7038,65817,33393,15317,57371,12397,34832,14858,841,13796,18605,1379,14415,12916,2336,4029,9472,1745,7494,2151,349,1715,2345,396,1681,10136,1819,7529,12195,2249,8137,19791,9038,9927,21580,5296,12377,43314,717,21628,41389,1299,18199,4048,1064,2626,5728,286,5286,9557,1018,7126,6534,1334,4933,7743,1819,3542,7850,489,4381,6558,772,4854,4768,587,3808,8124,1448,6060,10352,861,6547,37331,7365,22589,30755,3324,14089,3776,356,1382,17668,106,228,7788,634,6128,16054,253,3142,9169,758,6345,5120,292,4322,34243,2904,14523,22447,1915,13059,9003,1072,7122,8510,350,4627,9871,732,5018,15937,168,4401,41515,9395,25607,48074,6820,35968,7401,408,5809,11943,272,5668,3770,617,2916,2674,366,2181,53258,24267,15588,53638,17922,26734,13543,4371,8652,18799,4413,13535,17692,2886,12609,21456,1824,16797,8630,861,7517,4073,309,3284,27272,3052,12964,38541,4008,14258,15215,698,9918,33549,1194,18186,20637,2669,9796,12229,1417,6553,9236,4306,4376,6068,1007,4855,10359,235,3358,12956,268,4622,,1
adult_DL_sub-33_T1w,5788,1437,551,280,129,7,1207,50,721,326,15,76,232,0,197,1962,20,219,68700,823,14540,5183,78,4131,3667,27,3325,184962,5585,72971,176369,7062,57016,6662,13,5082,5780,12,5191,2812402,66399,837757,2883125,68949,1092106,2978,239,2063,8129,597,318,852,184,341,470,51,25,79620,32226,7839,51799,30996,5450,634,20,192,19,0,1,7614,101,5935,4825,242,3374,37168,558,7104,8289,719,5844,4770,1292,348,7091,197,1207,62182,1450,13945,11425,453,5230,9703,798,2534,1259,82,833,937,173,690,14741,3287,10905,10886,1638,8422,9305,746,6286,6941,532,5879,5369,551,769,3600,605,914,15680,1752,9030,31818,1421,7750,5152,532,4425,15487,597,7602,11567,1100,8449,8438,576,6622,10500,1079,7585,16013,575,6426,5526,317,4148,9428,136,657,2205,220,1902,2883,239,1809,22899,3444,3433,50477,5891,10775,14249,492,11284,7639,634,5074,3297,1109,2167,3600,1131,1879,17732,545,11038,9667,392,7981,48887,517,16984,22260,637,7472,26297,2561,22874,42281,2398,16806,8664,1641,5814,1849,250,899,12289,1454,9451,20435,1805,9237,7493,1831,5106,8303,1309,6319,79610,19852,19069,53997,13271,32539,7790,738,6588,12460,1332,9549,9882,2118,2762,8274,2186,5762,747,132,594,1988,293,1579,5489,713,4490,4049,436,3184,14414,5321,7856,10538,3560,5767,36091,745,17080,37384,686,12142,6036,383,2485,6205,236,5492,11225,1027,9665,8516,969,7285,7379,786,3364,6377,928,4223,4991,624,3948,3321,416,1982,7790,1462,4187,13209,1209,4411,23628,4009,15194,29410,2127,11927,5059,291,1880,20320,44,216,5504,343,4438,12930,282,2880,7190,446,5298,5095,358,3891,28563,1427,12339,22093,1703,13059,10675,1636,6330,5962,595,2882,8859,770,4228,16169,292,3371,37365,3711,27476,40209,3888,28478,4018,295,3540,7359,378,4384,2284,398,1409,2810,885,1831,58216,17631,17836,40838,14195,23589,13115,3955,8454,16057,3126,12430,20116,2725,13486,13415,1656,10190,4186,340,3024,5383,371,4784,18095,1410,7137,24030,1578,7913,16763,839,10928,32652,1137,16144,15381,1850,5893,13031,905,5586,5105,909,3613,3443,544,2526,6287,318,2643,11356,360,3895,,1
adult_DL_sub-34_T1w,4704,1797,645,796,508,6,1511,61,664,465,6,365,733,9,416,3502,33,155,98680,1020,37495,5923,63,5589,5616,33,5263,130397,5526,55749,119520,7657,44334,8294,11,6011,6649,1,3686,2649270,45770,856228,2996023,39945,1141127,3781,136,3145,4823,331,363,829,296,475,398,161,93,62052,24273,6064,46905,22504,6782,839,0,830,83,0,6,14156,30,7177,6651,192,4398,16556,102,13638,17601,709,11963,5318,150,1074,14285,133,4402,88793,1260,14731,14138,530,3402,8081,754,1922,1447,123,602,1135,189,892,14109,4918,8656,9512,1724,6955,9961,1187,6800,13930,441,5740,2545,499,644,2855,375,678,11683,1793,5179,26599,2985,9496,5252,393,4490,17135,548,5188,11586,1851,7556,8369,637,5485,9916,1396,7348,10732,788,5844,5559,543,4680,9481,86,924,1769,356,1383,3704,253,2660,11609,2657,3379,49107,5163,13017,14644,1149,10093,5719,475,3623,2539,1018,1513,3522,869,1900,14014,645,4954,14332,1039,11890,54238,576,13454,19464,689,8447,21499,2168,17620,30263,2115,14944,9962,3526,5315,2088,138,928,12393,2046,8031,30869,1700,10053,6230,1885,3547,6061,1446,3864,50905,25852,13541,50311,10180,29527,7782,1049,6601,10853,1258,9077,8794,2143,2415,7647,1975,4511,978,192,780,600,145,437,4025,1037,2917,4587,777,2598,13828,5496,7157,10138,3438,5916,57924,1000,13344,40327,601,13613,3664,564,2809,4628,208,4351,10040,477,4724,6698,770,5552,8608,2943,4161,4427,612,3562,5153,734,3642,2479,258,1849,13957,1375,9407,14960,1431,7977,26066,5128,14365,63297,5506,21995,5600,439,2686,19571,21,274,5536,822,3688,16712,291,3277,5181,687,3792,4694,318,3885,36948,5426,11590,21219,1074,7141,7542,1517,5308,4804,194,1605,8801,1104,5860,14057,199,3063,34060,7178,18514,44926,5833,30062,6190,525,4329,10075,405,4399,1561,358,1150,1968,506,1228,48134,22584,13427,42895,13027,25943,14090,6231,7161,16381,5380,10848,13844,3245,9402,16704,1872,13397,6594,1421,4817,7867,576,5836,21551,2803,8245,28314,3982,11043,16360,1411,11742,31393,960,16288,14629,1960,5747,15520,1221,8027,6630,1895,4133,3957,561,3344,7199,682,2810,13796,426,3311,,1
adult_DL_sub-35_T1w,2364,867,763,122,100,3,1027,50,858,784,52,122,143,18,106,662,2,300,67196,1437,22787,5647,65,5407,6285,25,5441,87339,1933,42991,176123,3966,35583,5731,28,2987,2182,15,1413,3352833,73320,766432,3449810,75245,975968,2456,72,2287,2531,1368,219,560,189,346,187,66,64,90193,30415,7264,50455,22991,8536,525,110,324,111,0,1,8100,161,5822,5656,141,3039,19999,383,7830,16969,1148,7297,1390,165,443,2515,262,1342,91065,669,9237,9281,120,4814,3274,359,722,876,65,669,476,63,412,12244,1052,10830,9340,1311,7429,10394,263,6543,4767,229,3721,2675,73,696,4243,231,1158,9765,1240,6925,53583,848,8991,4921,351,4529,25599,351,8648,10096,686,6649,13467,252,7236,12239,888,8652,13561,285,8355,3685,415,3164,8737,76,650,2315,87,1657,2203,106,1888,9322,1161,4796,44311,3781,10659,11814,647,8724,4375,651,1739,3077,738,2339,2755,426,1647,24554,1043,10632,4736,92,4010,55531,115,11958,17382,977,5471,21935,2442,17731,47038,1041,13178,10465,720,6367,1866,147,1183,12442,1311,9228,16945,726,11368,9095,1081,7925,10168,741,8355,62494,9116,30464,56073,6563,35183,9016,266,8588,14538,616,10755,8747,843,3028,8124,814,5368,621,59,548,377,16,218,5593,425,4754,4630,354,4139,17199,2911,14160,13527,2358,10667,46027,279,12766,42138,304,11131,2479,785,1394,3648,94,2669,10519,406,5122,3310,452,2599,7763,884,5405,5781,394,4761,4077,278,3116,1341,21,962,6664,633,4987,13725,483,6553,32544,2457,15394,42449,1382,15930,3502,109,2196,26455,7,477,5247,202,4015,14664,185,2754,6688,341,4596,2933,91,2802,43242,1620,12433,21518,960,9650,4974,470,4232,2799,104,1059,11713,529,8550,18828,67,3152,34211,2218,22860,36969,2427,27758,4355,165,3003,7500,106,4054,1888,135,1272,2573,419,2007,47851,9592,29904,44876,5512,35375,15011,2555,11983,16269,1682,13766,14654,1048,10684,13808,855,9453,7129,640,6390,6268,242,4064,22075,778,7567,54036,1983,11316,12930,476,7018,32106,755,17829,20278,1116,6621,11505,579,5927,5650,428,3476,5099,619,2064,5725,181,3001,15053,84,2752,,1
adult_DL_sub-36_T1w,3593,645,656,486,203,49,1552,50,709,384,20,183,174,5,168,2152,12,138,80891,664,10216,5365,11,5131,5565,61,5387,134956,4015,59551,169051,3173,37068,6402,106,4345,2611,27,1399,3090118,58174,793311,3280507,56519,1036771,2103,177,1689,4353,523,522,522,173,274,245,95,94,79403,28846,8590,52697,23579,7607,508,1,122,42,0,4,11832,55,4906,5188,553,3027,11361,315,8455,9488,827,6818,5970,480,295,3814,191,741,94520,1031,10527,22458,451,6361,10998,337,1732,663,24,314,710,172,519,17876,1872,15602,11898,1214,9375,10323,494,8069,9554,602,5549,3850,295,1333,3026,245,1188,8312,1628,5412,30601,1242,9432,3355,150,3195,22019,302,10114,12098,945,8346,10548,230,7911,9858,622,8984,16009,526,6678,4023,562,3176,9045,166,549,3177,165,2804,1981,57,1485,11338,2065,4888,62521,4415,11565,13686,1117,8735,8227,921,4681,3396,817,2576,3780,669,1994,27449,562,13449,8848,161,8027,55173,230,15838,18392,1078,6615,27185,2255,22329,52330,2119,20771,11210,928,7565,2891,57,1289,10500,1097,8561,25635,787,12156,9762,1450,7863,10502,967,7512,63694,9097,31812,46320,6897,32824,7081,355,6619,15538,766,14246,9315,1157,2801,9831,1423,7162,1119,189,886,892,33,729,5549,238,4543,5040,249,4293,15621,1888,13408,13976,1730,10334,35000,142,14687,41472,224,10775,3511,416,2705,4516,109,4389,11503,588,5933,5589,693,4723,7182,541,5046,6742,314,5457,7118,526,6028,2457,91,1836,8676,976,5923,14884,726,6804,27538,2839,18975,49979,1483,15750,3631,311,1728,22069,55,373,6027,249,4515,18023,207,3721,6602,550,4765,3728,150,3250,35561,1432,14176,19146,648,7452,6894,1030,5283,5797,80,2188,9650,706,5970,24363,49,3007,36320,1994,25858,43773,2366,32593,6121,145,4089,9850,123,6348,2454,286,2111,3328,487,2681,54471,7162,33574,45572,4727,37230,13547,1224,11898,14441,1012,13004,15608,1440,11829,11313,578,10231,5645,504,4983,6527,199,5937,20878,949,7537,25173,1823,13565,14819,420,11312,34624,400,19410,18246,862,8360,13332,550,6288,6685,735,4946,4449,605,3694,7774,159,2342,16454,77,3741,,1
adult_DL_sub-37_T1w,4192,2287,552,477,146,21,788,82,701,334,62,201,1106,12,913,1519,27,672,100545,530,15488,5819,4,5804,5904,57,5785,190832,5089,72962,194095,7772,65782,5297,2,4776,3774,10,3110,2652863,43664,898463,2743463,45494,1125632,4895,45,4039,2874,57,794,815,234,504,467,97,210,65835,32174,6761,58267,32188,7624,1366,0,767,155,0,0,9100,89,6248,4901,465,4196,20530,262,12404,12298,1648,9489,3576,106,829,4304,168,1315,62953,1622,13702,17286,358,5072,12003,548,2510,1041,48,839,1550,166,1380,14651,5363,9126,11185,1831,8932,11274,1232,8316,9312,348,8164,4640,1927,826,3848,671,1908,20526,3185,14686,32581,2081,10416,6154,453,5621,15282,504,8029,11137,1582,7251,8656,691,6652,10063,990,8723,13855,748,6706,6786,562,5058,5872,66,1503,3061,632,2300,4165,334,3339,20432,3488,3109,54107,6268,8537,18020,587,12356,11544,387,8179,4263,2538,1725,5236,1529,2439,22640,986,13610,6659,388,4455,55208,1051,21228,26866,799,11594,29681,1880,23604,41721,1934,19918,10529,4692,4759,2318,271,1575,13116,1792,9312,15676,1742,9390,8169,2812,3776,7776,2328,4702,84053,36673,13570,65666,18957,35189,12791,1170,11492,16432,1720,13142,11155,3325,2459,11227,2373,8153,1396,481,898,2317,634,1588,5726,984,4534,9645,1521,7491,18947,9853,8563,17954,7445,8349,47520,1571,25976,44034,720,15989,4686,338,3504,4725,263,4194,10149,711,8370,5740,639,5095,7212,1987,3701,5288,478,3844,4856,747,3921,2958,273,2469,8061,841,6726,11211,984,8527,29833,4590,21019,35715,3390,17977,6308,100,2651,19224,50,676,6826,822,4822,16059,206,4563,7351,871,5816,5058,435,4147,41477,4689,14804,31078,3546,17016,8150,1360,5460,5507,152,3924,9952,1006,4580,21749,191,4586,38510,9372,23858,47285,8803,31729,5600,578,4690,7047,349,4063,3072,439,2360,2378,706,1660,51538,25030,13182,47971,19028,26793,14730,6294,7794,15423,5823,9188,19052,3046,10544,18090,2747,14039,5227,1085,3985,6566,683,5328,27054,3931,10885,25611,4828,12062,17078,1412,12589,38471,1644,19031,22698,3329,11125,13454,844,9643,6338,2749,2714,5527,911,4547,5828,416,3307,11849,308,3565,,1
adult_DL_sub-40_T1w,4161,902,839,268,136,7,1548,25,1383,2067,32,232,95,1,43,1165,0,176,74075,150,9819,6137,18,4724,4050,22,3554,108437,1445,43750,197634,1752,36317,7339,4,5007,3974,1,2034,3165803,30119,775251,3305086,22594,954543,1788,90,1000,2440,14,139,680,93,387,310,58,77,40030,11764,6531,40234,16089,6829,73,0,31,38,2,0,8181,3,4738,2563,282,1260,16542,48,4375,12632,53,2694,1437,52,407,2718,52,952,100719,654,8944,14818,108,4541,7603,255,1591,655,79,492,1233,135,1097,13472,1711,11467,7679,514,7062,9872,403,7232,6248,63,2737,2460,213,532,2977,189,934,12279,572,8922,27720,1211,7845,4425,371,4030,34425,220,7323,12064,452,8621,9044,370,6159,8407,439,7320,11756,503,6157,4516,182,3652,4290,34,337,2559,137,2217,2195,14,713,10928,839,3487,45232,4224,8474,11035,162,5950,5481,250,2644,3373,624,2574,2510,557,1412,17171,338,6187,9759,113,9296,59399,103,14960,16881,302,5144,23172,1806,18321,48036,1334,15919,8887,1040,5294,2505,124,1251,8742,490,7209,13599,406,9156,8739,972,7318,9637,979,7523,50396,10073,22275,38030,5328,28801,8391,280,7966,11340,739,10367,12014,1033,3067,8957,1087,5426,1119,102,989,1408,66,1135,5393,429,4308,6548,588,5736,12114,2440,9361,10281,1876,6878,43546,159,16170,48288,171,13804,5237,162,3759,4416,72,4279,9571,731,5411,7239,1390,5254,8796,831,5247,3667,357,2696,6918,740,5669,1950,122,1191,7853,616,5185,10949,582,6442,24587,2339,16859,43630,1376,15372,2269,32,1056,21769,10,147,5710,104,4277,21412,278,2187,4158,146,3451,3484,207,2678,36570,1557,12997,22592,1331,10677,8699,759,6343,4049,92,2314,9609,315,5101,21097,52,3928,37157,2159,26147,31813,2393,24317,4436,108,3434,10221,197,4307,3748,128,1984,2715,97,2464,43463,9501,21761,36601,5359,27699,12088,1265,10286,13164,1126,11643,15804,935,12085,15478,1428,12127,3959,893,2705,5960,300,4503,24634,1416,8582,32988,1676,10938,13911,274,9683,31864,454,16637,16658,796,7828,9155,692,5141,6612,642,5412,5137,392,4182,5480,39,1644,17703,222,4204,,1
adult_DL_sub-41_T1w,2991,1648,667,183,137,16,639,118,509,197,32,145,663,16,572,4107,6,1049,85059,932,24064,4773,18,4437,5078,7,4973,143782,5639,68553,132454,9268,52396,5805,1,5601,4714,186,4014,2893912,96183,957351,2869795,87213,1180238,5274,393,2662,3983,430,1573,1001,272,503,631,128,367,83758,46126,7615,70577,41390,8685,851,0,514,77,0,1,7655,49,6443,5259,111,4747,44839,595,11679,15473,652,11113,6062,280,913,5144,543,1501,65319,3205,15726,9632,591,5826,6609,1213,1814,1320,146,842,1093,131,962,14310,5458,8524,14706,4080,9262,8237,873,6224,8478,603,6154,3531,577,1051,3097,1104,1601,14931,1558,8801,35491,3637,11223,5878,419,5343,22196,858,14475,11181,1485,6268,14157,1079,11242,14437,1090,11594,12712,532,6245,4994,1019,3492,5409,134,1261,2858,821,1650,2390,280,1898,15752,2930,4192,39478,10205,11734,14161,1374,11148,12285,1301,7471,3520,1917,1600,4528,2035,2055,21411,1265,17295,6403,485,3962,45469,791,16113,25599,1446,10977,33654,5508,26745,48718,3571,18789,11742,3439,5800,2495,766,898,13323,3278,7405,17814,3129,10126,9295,2853,5664,9434,2948,5553,71201,37725,14055,71597,26119,34023,16251,981,14544,23204,1506,19191,6801,2566,1791,11842,2464,8669,1451,500,935,1845,502,1321,6673,1971,4613,2991,911,1541,22409,12238,9229,18493,8877,7643,37043,754,17210,36182,907,16759,4122,633,3044,6458,176,6200,9868,784,8312,6504,1565,4335,5865,2060,2934,6579,1299,4408,9346,1196,4994,2140,396,1545,8466,1489,6751,14734,1617,11086,30443,6912,18600,31444,3777,17028,3735,459,1962,18080,90,897,6580,554,4787,13402,544,5575,5720,638,4311,3953,360,3067,29786,4201,13348,23851,2961,13134,9833,1556,7348,5914,414,3239,8854,1175,4727,19013,418,4336,48735,14117,29648,57388,10163,41406,4363,616,3557,7940,409,4104,2910,478,2417,2891,880,1960,63608,28724,16534,56522,25079,26858,17016,9739,6855,18803,9377,9143,21548,3640,15304,20232,2955,15724,9555,1343,7422,7959,692,5375,26684,3342,12012,27943,5126,13305,12497,765,9532,36601,1542,21097,23177,3247,8297,19291,2849,10201,6348,2656,3084,6261,2048,4192,4768,374,2907,15653,501,4542,,1
adult_TD_sub-01_T1w,5995,1206,938,1262,292,6,1628,43,1302,479,30,165,321,6,251,1166,0,345,107433,1618,17116,6189,28,5897,6690,77,6114,183840,4389,53988,186046,6695,38749,6075,21,4422,3777,95,2379,3169791,63681,797487,3060330,78462,994342,2671,155,1930,4370,304,254,1174,198,476,326,99,135,51179,17022,7176,38183,17658,6824,733,0,318,46,0,3,8070,8,4488,4857,88,3816,23887,773,8129,12065,1424,7436,6293,259,462,4189,247,1409,80793,2339,10816,11705,216,5624,9806,920,1954,840,37,651,604,87,504,12117,2404,9689,10466,1537,6802,10368,509,6783,15404,338,5793,3868,887,1091,3782,643,1758,9347,643,4669,18184,1730,5748,5708,398,5221,25518,743,10216,11866,735,6512,11777,463,6364,9237,794,7917,9986,487,5370,4085,339,3189,15399,59,801,2558,237,2259,2345,152,1575,16350,2259,2295,42024,4263,6534,12367,878,9290,5452,221,3246,3779,1612,2134,3320,1132,2118,29009,491,11283,9652,262,8451,51786,362,14039,23573,373,7439,25339,2094,20122,56968,2123,16782,6115,1179,4327,1986,257,617,9140,894,7452,24813,929,9391,7727,1427,5927,9405,1334,5981,74003,11667,26063,52922,9492,34844,4666,449,4017,14527,1401,12941,14543,2632,3235,8911,1641,6203,657,154,482,1120,93,899,6366,317,5348,5353,317,4426,17786,4099,12944,17653,3489,11416,63303,505,17546,43547,669,14152,5847,385,1863,5312,46,5048,8752,581,5615,8735,1233,7151,10152,804,5439,6000,642,4529,4020,440,3298,2668,303,2147,10013,1423,7298,16005,1097,6899,25752,3303,15035,53606,1803,12493,5308,256,1473,21187,24,171,4719,228,3492,18816,170,3363,7034,514,5184,4674,187,4147,39507,1665,12532,27722,1621,11481,5185,612,3827,4751,333,3449,9866,679,4572,17785,85,2944,33311,2624,24451,35538,3118,26765,5274,271,4147,7415,119,4027,2343,595,1575,2368,410,1913,49762,10199,27311,41713,6322,32086,13631,1871,11378,14881,1529,12393,15249,2467,9592,14681,1466,12119,3006,243,2545,4946,377,3188,25554,1278,9382,23930,2185,8668,17677,728,11443,31679,857,15295,17445,1386,6384,17149,452,7445,7175,985,5062,4141,685,3254,9225,326,3105,18238,134,3271,,0
adult_TD_sub-02_T1w,3953,1689,1033,317,270,4,1463,46,739,610,3,327,115,1,32,2906,0,91,60423,278,14692,5214,9,4933,5749,118,5284,109648,1852,43301,178122,2877,39480,4695,15,3977,3401,7,2239,2900737,34694,815257,3019385,26160,1039304,1248,125,795,6255,660,674,381,99,166,373,230,46,79373,30586,7115,64527,23427,7247,441,1,321,114,0,0,11178,13,5820,5157,28,3077,17028,606,8487,10130,499,6622,3112,94,307,5809,132,1218,114687,1043,13722,13274,192,4444,8381,625,1634,1669,34,933,1185,81,1026,11750,1070,10277,8330,539,6525,11025,341,8056,6538,131,3999,3855,262,1432,2734,254,1845,10231,561,6611,31210,1266,10848,4964,133,4806,24643,505,7668,10465,332,7341,9202,130,7097,7721,275,7290,10764,549,5034,4670,268,3703,8462,96,325,3170,151,2886,2144,110,1711,16462,1041,2208,51560,2869,8860,11928,213,8693,7549,128,3046,3308,916,2352,4010,828,2415,24925,278,13040,11635,253,10905,50951,213,13380,17792,688,5452,22420,1031,19750,48016,1285,14868,7122,806,4955,1167,95,550,12364,558,9569,25099,696,11309,8565,969,6495,8467,901,6017,49986,6205,26284,41216,4946,31763,7641,241,7273,14140,989,13100,11072,1035,3466,6911,864,5303,864,39,813,1095,24,977,5593,108,4897,6822,244,6407,12681,1242,11104,12421,1560,9564,35016,219,16291,43922,276,11081,3305,566,2397,3422,117,3268,7583,349,6688,4856,240,4425,7443,493,4803,5154,482,4548,6071,324,5593,2694,150,2126,9708,571,6905,11282,617,7090,20260,1999,15393,45748,855,12758,5226,68,1345,21027,8,196,5156,66,3792,19234,76,2270,5520,413,4473,4029,78,3429,40899,1388,18650,22803,885,13822,9354,605,6346,7684,14,2367,8165,327,5361,22880,35,2665,35022,1850,27502,40151,1795,32935,5505,94,3772,6909,70,4172,2323,201,1552,2548,209,2081,43298,4790,30058,43546,4082,36194,13554,865,12137,13667,892,12103,16954,1715,12495,13892,642,12076,5077,350,4486,4819,317,4059,25038,1206,7061,23398,1357,14315,11983,133,7685,33471,450,19181,17226,949,8389,12641,620,7133,5975,660,4305,4417,625,3597,7189,109,2132,14802,117,2686,,0
adult_TD_sub-03_T1w,2108,914,626,382,159,3,846,57,740,465,5,281,431,0,347,2311,15,592,100822,1223,22847,7524,170,6851,6411,46,6260,150057,5510,58083,181707,5394,55773,4289,3,3983,3074,133,2151,2597800,48592,883959,2846228,49358,1110074,2310,65,1918,1984,11,208,432,88,312,522,58,56,63027,22985,5311,44891,22259,6452,1518,0,634,91,0,6,11800,9,6140,5844,86,3794,18258,692,12369,12877,1107,9327,6038,294,757,6543,394,2404,65563,1424,10875,16007,622,3754,12713,489,1227,1101,18,665,1134,139,934,11442,2575,7915,11859,1779,8985,9007,777,7515,9845,482,7659,4077,975,896,4284,731,2127,19198,1373,10659,31537,2438,9406,5882,515,5327,17691,814,7508,11373,924,8043,9379,650,6533,8369,731,6917,28057,525,5774,5596,283,4678,11592,178,1858,1230,213,799,5027,211,2802,14799,2707,2158,47135,6207,10911,11900,236,7933,10184,445,7082,4892,1578,3314,5075,1424,2323,22836,710,11427,9860,416,8273,57265,426,16206,23985,615,9621,27778,2013,23516,41427,1630,17007,8076,2853,4309,2072,289,1073,13983,1076,8966,24761,1625,10250,6929,1806,4918,8459,1612,5384,58547,27284,16154,57789,15647,32849,13232,1353,11718,16801,2083,14167,10669,2231,3588,11287,1894,7730,2267,472,1769,894,196,567,5711,1038,4394,5303,696,3948,18546,8308,9719,16751,5366,9259,48641,773,20869,45716,610,16915,4733,268,1978,5704,219,5243,8186,730,6034,7053,1084,5904,6615,1100,4082,8984,977,6272,4189,545,3463,2573,220,1982,12752,1307,8594,18084,1094,8415,27837,3996,17995,65108,3130,19484,6470,119,2408,21892,34,389,5924,401,4167,17213,428,4222,5392,275,3651,5081,442,3762,33293,3723,13183,30694,1792,9264,8905,1363,5909,5357,230,4073,9783,645,4545,24924,251,3971,35560,5180,25297,44876,8064,30365,3440,250,2655,8292,506,4236,2346,299,1958,2331,402,1776,49586,21770,14844,42463,15177,22150,14999,5952,8145,15681,5791,9463,17498,2092,12242,18904,2195,15347,8394,895,7117,6939,742,5715,21779,3722,10168,27430,4382,11039,17405,1008,11405,39662,1626,20567,25006,1891,10944,19979,753,10592,7817,2356,4739,3821,636,3094,5792,234,2202,13286,403,3533,,0
adult_TD_sub-04_T1w,4426,908,1227,851,188,28,953,19,633,642,1,77,583,4,537,2798,1,503,70870,221,15128,4089,0,3963,3569,1,3458,158688,738,44346,184713,1382,46746,9111,0,5471,5530,1,2098,2944735,19830,857119,3059584,11532,1062709,2075,57,1323,4152,12,848,1407,173,495,367,105,169,43820,16184,8263,48122,18694,10264,456,0,188,72,0,1,15944,3,5185,3225,6,2687,21541,247,9882,10949,122,7061,4917,45,704,7952,140,3074,100012,404,12473,13569,71,4572,7573,360,1863,903,10,731,1202,45,1157,12566,729,11548,11622,492,10193,10284,207,7398,6649,81,6221,3358,268,1942,5393,151,2325,14796,440,12177,33224,900,15998,6587,285,6189,20979,116,10178,11929,473,8568,7708,72,5992,9693,130,9347,9526,191,5814,5933,305,4926,8880,20,727,2112,49,1985,3746,63,3255,21723,1203,4434,51641,2528,15735,12526,185,10900,9533,149,7115,4556,658,3745,4392,679,3373,24145,53,12184,10304,40,8913,55879,73,17530,23092,172,10007,27971,661,24748,49864,391,19528,9628,824,6489,1999,109,1108,11633,380,9772,34350,492,11179,7245,773,6074,9283,742,6778,68982,8904,38718,51419,3703,40231,12651,253,12381,22460,471,20692,15103,926,6401,9649,912,7276,2806,90,2590,2840,80,2698,8600,192,7766,7623,226,6912,15439,2293,12747,13104,1615,10838,49544,121,23477,54419,128,23565,4140,115,3714,5906,7,5650,11264,266,8196,4486,140,3961,6646,369,4580,7634,164,6682,3773,108,3304,1405,42,975,12024,189,10880,16421,239,10128,29797,877,24542,57893,724,23599,3760,9,1340,20562,8,346,6252,76,5682,17071,34,2378,6421,136,5243,6278,152,5754,45694,1386,17968,44504,745,21015,5545,135,3865,5388,26,3337,10143,138,5051,22182,9,3883,41049,1546,32879,40472,1465,33239,5222,84,4615,10699,42,5216,2820,58,2248,2876,148,2700,39229,7033,27389,42291,2912,34302,16900,912,15218,19451,708,18301,19941,750,16034,21521,579,17645,7506,205,6954,5281,275,4185,35273,709,17593,39148,1120,21089,17103,120,12392,33098,141,15928,21248,369,11580,18177,93,7172,7381,693,5885,3248,353,2762,7675,103,3792,14655,38,3394,,0
adult_TD_sub-05_T1w,3719,1183,1112,1074,140,23,1826,14,1366,655,12,417,866,0,754,2802,8,455,45810,595,22122,7011,7,6805,7502,198,6918,172900,2182,55942,186117,3193,53742,6149,1,4668,6112,10,3816,2727116,45998,883501,2716383,43931,1129203,3268,39,1856,5962,13,1512,1174,72,582,524,59,203,81578,27520,7544,56808,22685,9510,686,0,656,306,0,289,7198,41,6855,7181,286,6436,13044,661,8912,9939,533,8589,2320,237,703,4763,321,2122,50862,1738,12121,6930,154,4646,5492,408,1709,2377,67,1147,1499,65,1406,14366,3087,11243,13508,1334,10542,12714,525,9167,10968,326,7949,4447,1732,1303,4568,715,2517,13213,953,9571,29419,2547,13346,4973,121,4763,17090,275,9082,11104,579,8687,12030,413,8742,12274,219,11936,11103,285,8045,4759,144,4369,10106,212,1691,3757,347,3383,4562,283,3136,27556,4452,4424,40771,5537,8144,12639,339,9046,12177,365,7243,4224,1700,2468,4749,1330,2412,26792,279,15120,12731,319,8722,47620,175,16641,24581,1384,10387,24616,845,21473,53278,501,20891,12859,3615,7370,3417,690,1557,9273,679,7636,22268,569,10889,11209,1473,7446,8278,1338,6615,87333,31771,18167,72260,14706,40226,8932,604,8163,19126,1490,17094,13154,2506,4706,11752,1360,9087,2520,143,2201,3596,310,2867,7330,585,6295,11114,786,9507,19501,10373,8682,22700,8444,10165,44630,362,22026,44708,569,21352,5668,389,4938,8000,99,7714,13015,1121,8151,8381,505,7365,6810,717,4935,8108,514,6713,5290,519,4701,2781,393,2282,9740,676,8370,15414,820,10567,24831,1418,20087,43581,1074,19996,2935,77,1348,18952,18,645,6692,214,6019,19620,221,5323,8076,235,6116,6881,358,5752,38082,1801,18107,28418,2023,18840,7706,849,5804,7186,118,4297,11098,463,7265,18605,157,4042,38440,3926,31764,43336,4481,35685,5240,99,4791,10675,210,7389,2582,222,2250,2884,416,2266,60579,24723,16969,51053,17797,29481,14615,4484,9683,14954,4304,10593,15017,1135,10759,18506,2016,15271,4778,229,4264,6266,113,5516,26047,743,12978,30010,2714,16790,17878,439,11635,31483,913,19044,22724,956,8778,19449,2086,11436,8135,2648,4772,4619,807,3679,9298,91,3727,10598,210,5252,,0
adult_TD_sub-06_T1w,4360,738,1039,435,138,3,1187,73,980,764,11,224,552,4,350,1789,6,194,95931,510,13031,5241,5,5191,6003,28,5720,172938,1566,49698,198933,2433,47827,5929,0,3025,3958,65,1945,2994266,34787,866532,3001500,38812,1057850,2277,136,1621,3129,112,404,497,134,239,429,200,10,53197,18317,6976,46388,20422,8800,301,0,229,87,0,1,9376,23,5731,5686,35,4953,17571,346,6597,9054,912,5737,3187,66,784,6257,260,1290,88653,1128,12068,12089,160,4451,11795,279,1236,1283,27,716,1238,123,1106,13372,810,12314,11304,347,8686,10550,223,7609,10602,32,5343,4492,370,2066,4196,242,1915,10811,745,7356,20724,605,6918,5355,94,5217,20256,166,6792,12833,462,8144,9320,76,6967,10410,521,9258,15187,213,9770,3047,228,2332,14173,41,306,2743,133,2519,2926,43,2454,26354,1706,3419,52810,3662,10815,13455,470,9721,5626,188,2497,4534,814,3663,3409,448,2394,23627,202,8569,7475,74,6439,56404,93,17077,21098,305,6068,26072,1093,22522,48086,834,16588,10501,885,6467,1736,107,707,13067,343,7095,25578,463,13195,7609,590,6895,8985,641,6522,61866,6680,33971,46966,5106,35850,7946,175,7708,15917,435,13856,16450,1111,5478,10377,978,6964,470,70,384,1247,36,999,3472,118,3131,4869,217,4267,20143,2725,17021,15988,2200,11646,59320,129,23008,45897,167,15234,2177,325,1414,3784,48,3615,7959,186,5898,6623,274,5806,9221,520,5834,8825,345,7945,5367,194,3370,2266,154,1908,9529,729,7335,15009,721,6992,22436,1589,17592,56188,763,16487,5231,124,1028,21388,16,261,5646,86,4290,19167,187,3351,6927,229,5229,3962,94,3597,38356,1162,14885,34070,878,12079,6349,266,5403,5363,293,3173,9983,284,5860,19773,12,3294,37990,1552,29123,36181,1899,27688,4259,98,3723,9257,49,3779,2293,322,1897,1578,289,1253,51481,9606,32713,44804,4624,35317,16906,1081,15214,16349,938,14312,17800,1163,14009,12780,596,11045,5335,275,4389,4587,106,3827,25537,533,8405,24360,761,12762,15729,262,11459,35057,637,17644,21904,911,10983,17217,318,7070,5643,630,4242,4356,450,3762,6595,133,2840,14351,64,2554,,0
adult_TD_sub-07_T1w,3338,777,808,486,82,17,1938,59,1741,353,29,257,556,1,489,1477,4,832,77989,446,19367,4844,46,4238,5062,24,4820,134369,4105,65156,165036,4861,55914,6856,9,5646,5151,4,3979,2779409,36898,908257,2816304,51442,1153170,4141,198,1312,3369,237,190,672,106,332,158,44,35,84005,20272,8555,74194,24439,7480,541,0,532,120,0,3,6198,67,5700,5509,81,4803,21395,262,8633,9783,660,6548,5558,91,623,3648,168,1489,79986,1223,14372,11945,206,4613,9185,394,2778,1990,65,1490,1642,213,1408,15943,1400,14473,12373,684,10652,7698,316,6819,7571,751,5862,4021,454,1211,3836,243,2111,11110,1031,7144,39498,1613,12344,4400,359,4011,19197,303,10965,10957,391,8081,9105,206,6603,8435,854,7014,10279,459,6090,5421,233,4439,4919,98,1085,2198,125,1860,2352,119,1889,20598,1619,4647,56466,4902,16573,13480,909,9061,7106,401,4343,4397,1274,2708,4508,1191,2638,22895,290,10609,13449,345,11129,50673,353,18213,18073,459,4671,27529,1860,23340,38451,1136,15465,13690,1619,9477,2042,83,931,12904,609,10701,23489,773,11607,10984,1447,9215,10582,951,8461,67473,8515,36911,59417,5030,35283,8564,305,7928,17719,1183,14601,10403,1454,4424,10321,1786,7554,1284,75,1209,1803,51,1408,4231,239,3906,6205,207,5195,19008,2634,15874,19886,1936,10976,38793,266,17805,34832,253,16318,2987,257,2004,4265,105,3843,9762,445,6545,5379,668,4578,4434,413,2762,5205,300,4080,8908,385,5363,2307,30,1705,7886,1191,5886,12732,1036,7811,26823,2117,17137,51479,837,12795,3013,284,1310,20033,39,292,6965,171,5711,14679,188,3964,6314,237,5462,4073,95,3579,27788,1208,14697,24671,654,12002,11028,743,9247,13095,179,3690,11379,435,7939,22154,72,3464,30682,1945,24709,41577,2360,33831,6154,244,4023,8893,104,4605,2251,341,1851,2302,179,1670,60217,4954,33957,47643,3563,37582,11725,788,10371,17837,546,15474,19477,1480,15905,18987,750,17506,5102,172,3845,6407,108,4131,19968,921,8684,35631,1571,15947,11788,384,8615,30426,447,16244,16571,888,6362,15276,590,5893,7241,757,5396,3319,523,2430,4781,69,2337,16024,136,3593,,0
adult_TD_sub-08_T1w,4178,1180,996,384,138,10,946,24,893,352,4,226,120,2,62,906,0,24,109563,354,24912,5134,13,4875,5553,22,5110,143639,1660,64989,165713,3480,56482,4766,1,4572,5679,23,5043,2858619,33319,915119,2930967,41241,1153457,1965,336,619,4563,703,327,290,70,164,427,57,117,61914,27558,7552,54328,19902,9837,354,5,144,53,0,0,9043,10,5172,5311,146,4724,15637,404,7907,12903,758,10955,7208,395,812,7738,381,3781,82854,819,14425,9769,279,3976,8891,639,1743,1356,84,1135,725,69,647,12779,1288,11111,11988,1171,10163,8568,387,7526,7682,253,6233,4131,180,1012,2900,204,1184,10417,575,7747,36780,971,9071,3996,275,3671,17233,273,8508,12634,410,9861,10969,249,7385,9851,386,7265,25751,294,7870,4877,224,2845,2068,24,546,3209,152,2695,3467,219,2907,14922,2188,4221,39893,3767,11575,14047,610,9290,7565,812,4368,3260,668,2588,3493,651,2311,19617,320,12748,14448,166,13330,48033,206,15740,27317,923,12049,25923,2020,20906,36569,2838,14277,15549,884,6524,1973,167,551,11606,456,8883,19805,489,11529,10421,905,9297,8629,1217,6787,58742,9745,29795,59191,7356,37655,8481,347,7930,15300,750,11953,8104,990,3891,9085,1156,6464,450,65,381,648,16,573,6589,271,6259,4014,215,3357,17180,3541,13163,16919,2546,11210,41340,153,19441,30804,228,16515,1973,224,958,5691,16,5385,7177,344,5848,4560,501,4014,5582,569,4013,7778,492,5935,6708,187,4647,3175,67,2001,6975,547,5081,13359,1075,8516,23473,2626,14812,36065,1511,16152,2506,211,977,15715,38,197,6140,284,4678,12061,232,2993,4155,194,3244,5377,194,4879,23744,1207,12745,19707,735,9770,9213,797,6629,5584,401,3465,11536,437,6901,24460,66,3371,31076,1563,22174,37973,2539,29569,4361,250,3104,9998,146,5251,2150,313,1788,2468,369,1947,48111,10001,27758,44595,5681,36237,13369,1440,11519,15082,1276,13616,14763,1524,10195,11265,846,9899,4157,265,3705,4456,216,3347,14904,600,7333,28260,2045,11959,9549,178,6594,31181,336,18225,15550,572,7158,19720,971,9321,5974,679,4901,5671,538,4988,4119,96,2232,13251,130,3881,,0
adult_TD_sub-09_T1w,4310,1229,874,472,209,40,879,95,705,1339,0,74,52,7,28,989,30,402,71466,661,16786,4885,35,4660,4989,56,4852,92398,2502,45480,208871,2928,47388,5070,2,3437,5521,78,3660,3449506,29681,779896,3497097,24005,940835,1795,150,1324,3141,344,546,333,122,63,254,93,100,99438,24526,8907,51614,18857,7857,306,1,135,3,0,0,7482,29,4279,4428,16,3022,18154,344,7154,14933,856,6203,4866,63,314,5293,155,2963,85105,965,10856,10633,119,5104,6611,504,2391,977,13,737,1052,136,819,12905,907,11517,10038,434,9004,8333,277,5931,5746,55,3628,2833,147,774,2450,203,675,12920,515,4931,47529,812,8955,3721,127,3483,22732,198,5962,9401,546,5911,8578,100,5171,8112,304,7126,9475,133,6235,2820,145,2302,5094,62,437,1977,92,1611,1850,21,931,11470,1576,4156,43034,2586,7937,14146,215,9308,5610,292,3082,2679,341,2334,2475,548,1357,17340,100,5427,8885,160,8156,58516,117,11019,16453,580,4402,18482,873,15821,44918,650,11959,6737,557,4221,1108,48,486,11857,481,9145,14869,458,12399,9748,849,8482,9441,738,7701,46668,5101,24234,44395,4698,31221,9209,227,8710,16099,447,14908,9194,498,2237,7670,1186,5120,398,33,346,1526,79,1291,5502,241,4653,5379,312,4746,17518,2171,14615,11367,1678,8873,48679,211,12836,50216,255,17260,2588,110,1958,4269,56,3505,8115,301,3841,4530,636,3428,6891,521,4250,2994,111,2144,4289,285,3771,934,29,744,4133,515,3265,8474,549,4993,25490,922,10246,29987,786,10525,3235,56,1455,24281,17,100,4278,224,2664,18911,108,2575,5236,295,4091,2767,59,2541,37778,1294,12604,23684,765,12795,7136,777,5216,3811,60,1515,9174,552,5267,20764,28,2151,36721,1988,26043,34389,1862,26480,3549,126,2726,7501,55,3098,2598,261,1355,2323,273,1699,42129,5258,25128,30590,3196,23710,11338,714,10191,13061,710,11961,12398,1120,9222,17160,626,13042,9338,477,8641,9011,238,6338,20497,508,6701,47981,1347,10155,15306,615,8620,25935,254,11789,16353,693,6448,16041,705,8200,5831,382,4101,3791,305,2240,5397,190,1700,14743,68,2120,,0
adult_TD_sub-10_T1w,3024,1477,801,1181,102,120,1118,26,1028,457,54,369,333,0,300,2445,18,494,39487,746,16293,4841,7,4703,3659,14,3402,172492,4942,84085,178845,5061,62266,7344,14,6855,5208,15,3609,2827212,66832,928760,2735141,75133,1155612,6598,234,2963,17192,96,408,1224,182,819,538,62,142,95873,44028,8627,78186,45067,9562,486,0,486,23,0,0,7959,13,7736,5672,76,4429,15339,162,11038,9482,318,8059,3860,693,1288,5010,197,1722,51580,1798,15538,9590,134,5787,8483,339,4101,2050,172,1175,925,134,763,13531,3451,9796,14694,2241,11544,10295,806,8496,8045,476,7340,5618,1829,2029,4353,665,2712,22731,2434,17060,21888,2037,12700,4606,196,4351,21288,476,11558,13454,1040,8183,12403,423,10429,13125,569,10047,15097,374,10490,7051,563,5727,9629,107,1841,3541,602,2729,2703,222,2424,17299,4605,5942,38477,7190,15413,13188,674,10816,7879,351,3471,4659,2038,2619,5476,1322,2791,17800,666,13517,8634,510,6885,42523,911,19472,26654,1080,8686,29883,2203,24862,47257,1736,18470,12371,3476,7763,6135,615,4327,18831,2005,12146,21198,1899,10642,9276,2503,6301,10153,1877,7263,64354,32182,19838,67153,14580,44804,11527,756,10209,21120,1369,18638,13014,3608,2916,11090,1967,8398,2945,422,2425,2960,402,2354,6254,599,5012,8556,938,6604,19722,7661,11623,17226,5651,10391,41484,1121,21853,40807,696,19475,5253,437,4305,6577,92,6180,11069,767,8740,8804,1004,7328,7436,2193,4208,11159,852,6019,5609,915,4540,2519,304,2158,9529,1459,7547,14954,1574,9510,30656,3713,20617,21905,2974,15432,3148,108,1806,19143,26,538,9127,394,6069,11250,171,3559,7484,890,5381,4465,283,3991,35526,3180,15897,25152,1445,13195,10883,1387,9233,6931,904,5538,9223,526,5812,13299,131,4983,41474,7740,27600,49699,5790,39194,5672,558,4692,7989,264,4569,2691,379,2230,3273,465,2608,64303,25070,22120,56093,15593,35335,15648,6297,8580,19194,5479,13659,23368,3811,15709,26211,2047,20082,5048,500,4436,6323,563,5570,27339,2810,14601,26273,1887,13000,16637,1121,12911,30293,972,18369,19423,2992,8431,21927,1951,10850,9300,3899,4930,6407,1525,4649,8890,249,2407,6918,221,3493,,0
adult_TD_sub-14_T1w,3121,1324,767,253,120,39,981,98,742,567,11,388,640,1,594,2019,19,629,50797,1526,23782,7064,22,7033,8108,49,7626,160559,7424,82201,200040,9800,71559,4402,12,3631,3639,5,3155,2641120,68895,941248,2681239,72181,1214061,7930,145,3780,5055,137,1405,895,171,640,555,223,173,91410,34093,6825,70868,25229,7961,995,0,728,155,0,14,6990,256,6471,6222,66,5677,27190,1949,12102,12555,1841,10118,8548,1056,1572,10928,522,4601,53729,1531,15251,9791,570,4743,8083,611,3909,1989,260,1063,914,159,711,15878,5356,10239,13026,2232,10012,10840,1270,8380,6983,459,6445,4838,1338,978,3761,706,2396,19871,1994,15428,32068,2033,12328,7122,473,6626,13509,836,5530,12207,1886,7317,10043,1165,7524,10783,1330,8845,11912,557,7539,7672,1201,6053,8240,461,1621,1836,398,1339,2135,250,1481,20107,4181,3592,40254,6534,13606,11003,884,8678,17437,732,9708,3406,1035,2364,4729,1050,2875,20612,925,12936,8870,930,7356,45796,700,15570,27465,2005,8324,25306,1994,22536,44796,2342,20161,10308,3418,5167,3065,587,2043,13902,1744,8563,27521,1610,12505,7209,2504,4137,8915,1720,6370,64140,33735,14812,61815,20276,30884,11944,725,11058,17909,1956,15485,13164,2835,3947,11519,2338,9005,2253,367,1823,2130,375,1712,7857,1067,6487,6722,1020,5499,20168,10995,8380,18925,7657,7804,47390,1000,19549,35314,851,15953,4695,375,3789,4876,282,4513,12572,860,11280,8437,1392,7030,6926,2369,3229,9794,672,5150,3908,446,3206,2281,263,1626,9643,1335,7441,12062,1394,7740,25852,3617,19409,39509,3883,18571,5356,152,2535,20251,28,367,6152,686,4872,14235,411,5090,6553,812,4407,6733,354,5937,35285,4015,18027,23237,1811,14212,8464,1465,5494,7872,211,3601,8649,1080,5374,20825,225,3626,40133,7379,26914,43055,6897,29502,4113,439,3252,8202,316,4936,2410,290,2102,2855,600,2111,51664,22742,12487,45460,18660,23470,16289,8267,7630,17493,7401,9994,23358,3464,15992,21504,2265,17204,4898,737,3841,6100,319,4792,19552,2921,11851,32292,3509,13668,16642,1422,12208,33784,1253,16570,20874,2728,8821,19947,881,7782,6880,2755,3112,6413,1137,5165,4947,506,2850,13130,365,4302,,0
adult_TD_sub-15_T1w,4846,1653,1309,752,111,3,1087,39,601,1041,15,153,149,0,125,3133,0,353,89356,634,15011,5297,112,4738,6486,72,5230,166489,1963,42867,210544,3396,45765,8353,3,4949,2284,3,1154,3127876,57261,815242,3372586,62302,987217,1921,84,1395,15118,1691,1207,559,156,222,805,211,240,67294,24786,5225,46701,19702,6739,498,47,257,75,0,8,5955,28,4643,5668,175,4252,14891,812,7686,11888,868,8034,3285,341,254,8450,568,1824,92310,972,10409,13170,107,5616,5656,213,731,1702,29,851,867,166,680,13484,2341,10992,9285,808,7971,8674,449,5637,7597,394,5689,2345,378,1068,3179,268,957,14673,2563,7248,36180,1487,8046,2957,245,2704,18936,309,7295,12248,588,7088,9527,366,6138,4478,525,3826,11755,661,7114,4067,275,3264,16862,33,599,1249,65,1034,2906,140,2166,19928,1325,2278,59991,3283,6510,11484,656,7106,4891,204,2558,3758,945,2776,2251,487,1714,23804,477,7894,12258,389,10828,57202,345,11082,14232,795,5369,21509,1371,18832,36492,1055,13113,7638,1307,4310,1473,136,811,10929,787,8006,22483,879,11810,9070,1347,7421,7976,919,5059,55331,16350,20963,46906,8524,32183,8807,705,8064,14005,966,12477,11369,1186,2782,8575,1200,5351,1492,210,1272,1479,94,1272,6836,312,5649,6480,594,5469,13942,3804,9551,12628,2899,8622,42671,558,15539,46248,650,17273,1959,786,939,4531,149,3883,11075,542,4826,7090,986,5683,8100,1212,5102,5819,434,5027,3421,383,2789,2443,238,2055,8681,522,5066,16207,652,5972,26776,2732,16518,52962,2007,17125,3257,145,801,21589,28,178,4819,138,3388,17433,214,3600,4993,206,3926,6602,262,6171,36632,1653,14334,28052,1826,13470,5635,662,4378,11010,96,2969,10476,596,4994,20725,126,3794,31575,2480,23052,40449,3468,30949,3713,132,3089,8440,241,4408,1962,433,1418,2373,310,1927,42256,15951,18150,43906,11795,28820,15293,2827,11927,15033,2935,11816,15892,1674,12111,17162,1497,14647,3617,606,2875,4638,189,3279,25203,1420,9292,43588,2481,12492,13929,868,9117,30912,1187,15430,17836,1281,7107,23068,1553,12677,4916,900,2958,2888,560,2114,5815,113,1674,14380,207,4106,,0
adult_TD_sub-16_T1w,4431,811,1147,1279,93,7,1185,43,1041,489,4,213,376,0,252,1083,1,282,86009,309,9615,5761,7,5632,6328,21,6263,170361,848,61904,196309,1333,51066,12366,0,5694,3248,4,1795,3062227,24747,842214,3186163,20669,1051953,2491,161,1423,8864,1538,1274,996,243,447,717,363,101,70178,21055,10145,44992,15844,9975,1112,0,428,106,0,13,11583,18,6172,6055,263,5217,18972,768,7600,9710,304,7422,4125,125,448,3897,340,1515,78654,980,11850,13931,46,5922,13163,255,1899,1658,17,1268,925,51,847,16305,1022,14910,11463,581,10207,9927,143,7650,6925,390,6010,3562,307,2409,3826,179,2650,16324,1715,10331,31569,831,15613,4089,151,3864,23479,117,9483,10915,269,8621,8912,98,6969,10414,296,9902,8419,271,6307,4044,59,3029,8290,13,652,2960,11,2944,2314,51,2092,15858,817,2385,44474,2119,11933,14237,129,11024,7388,172,3278,4169,586,3504,4127,515,3144,23887,245,10480,11763,61,8805,49407,18,14720,23976,1844,9137,24135,587,22054,48610,443,16090,9310,685,7076,1225,57,596,10369,167,7484,16555,130,11524,9124,638,8331,7902,511,6798,49227,4674,30890,48665,3085,40890,9416,139,9168,17691,236,16975,14983,817,4867,10600,487,7689,1989,79,1872,1537,87,1404,7540,46,7016,9499,153,8992,12169,1150,10148,12646,1232,9646,41138,42,20668,40297,111,14710,3675,219,1645,3959,21,3916,11057,216,8522,5928,133,5229,6839,161,4126,5820,156,4785,4953,194,3618,2805,56,2307,7619,613,6765,12408,450,7116,25039,1066,20430,47821,545,14759,3379,15,1048,19539,2,274,5744,91,5051,16285,36,3303,6437,209,5548,5638,40,5435,40837,724,18379,27529,294,16753,7273,357,6333,9737,19,3852,10167,159,5793,19795,27,3453,39273,699,32621,35007,522,29228,5129,44,4176,11557,36,5536,2570,92,2374,2380,239,1997,49053,9022,28987,37740,2299,32443,15297,639,14025,15540,481,14844,16450,1114,12125,13910,396,12420,4561,216,4079,5005,92,2838,26436,236,13320,33095,728,15454,19283,489,12671,28467,257,13373,19126,270,11154,12011,198,8594,6361,204,5295,4774,303,4463,7632,71,2482,14286,33,4571,,0
adult_TD_sub-17_T1w,5370,1786,1209,258,146,37,844,0,801,864,6,261,225,6,197,840,12,203,53376,447,17675,5209,31,5077,5706,124,5502,86439,608,60382,190435,1473,33885,7863,0,5794,6855,9,3075,3299910,25775,786498,3282448,36666,965663,2429,72,2275,3307,157,241,651,118,489,178,83,19,68989,23319,6070,40104,12750,6079,1234,0,585,88,0,5,11452,41,6055,4852,17,3910,19117,258,9037,13490,469,8103,1940,233,538,6478,200,4131,80617,500,11000,11253,123,5030,5142,267,1623,756,18,685,906,52,853,13880,1148,11307,7449,584,6653,9577,258,6548,6115,92,3733,2915,174,1837,2744,250,1646,8236,387,5818,45120,827,9525,4834,103,4690,24994,76,5238,9726,749,6547,8467,154,4878,6599,117,6152,8950,127,5441,3809,161,3347,13405,17,386,1611,86,1377,2155,59,1665,8378,460,2599,33145,2141,8143,12181,211,9812,5234,101,2782,3415,751,2374,3810,594,2918,22668,169,9788,9855,37,9203,54014,81,12778,16800,335,4063,21774,534,19284,43672,466,12933,7982,419,6565,2172,156,940,11236,376,9569,15146,468,10355,7839,610,6886,9160,504,7981,45824,6095,31302,42147,5347,32378,12597,286,12295,12193,365,11535,12812,586,3785,7811,695,5124,665,76,464,224,1,93,5090,133,4208,4204,87,3746,12809,1788,9806,15715,2319,11572,50961,100,13537,42342,184,9849,2922,107,2087,4593,50,4468,10444,141,8624,4657,110,4011,4415,405,3312,5985,387,4629,3967,168,3626,2334,263,1871,7198,280,6466,16312,189,6901,31423,1151,16146,52553,439,12823,3815,45,2483,21771,29,205,5353,164,4324,20350,63,2401,5783,268,4730,3713,70,3483,38126,474,11437,19532,521,7982,4035,107,3551,3304,69,1193,7872,244,5164,17809,30,3340,25737,761,17902,31089,1822,24182,4801,106,4005,6761,37,2878,1462,88,1045,1813,123,1673,40217,6535,27272,39982,4357,31999,12272,869,11018,14124,1034,12586,13231,941,10009,10076,256,8111,3044,97,2847,5141,42,4025,21047,410,6410,35338,681,11747,16096,214,8825,27090,263,15343,22402,756,10364,12995,291,6117,5989,641,4662,4716,515,3545,7074,240,2522,17075,56,2333,,0
adult_TD_sub-21_T1w,4643,1177,471,786,312,4,962,79,796,308,32,140,182,31,132,1836,11,372,98949,1608,20151,5137,52,4619,5870,56,5474,151658,5012,48506,200360,4802,39494,4213,8,2769,4393,4,3153,2977581,82678,849586,2916897,66560,1053162,3062,217,2571,6172,2232,649,906,290,514,515,121,128,85854,45856,7283,59348,32610,7219,938,0,212,72,0,0,8639,32,6216,5833,532,3850,19273,988,6521,7511,882,4043,4380,113,573,4447,252,1351,65555,1626,13665,11820,682,3321,10946,730,703,970,73,696,715,170,543,16642,3838,12118,11423,1827,9210,10500,904,7569,13159,722,7483,4184,1047,1094,3570,585,1952,15637,2332,11660,30144,2460,9384,5404,596,4797,19729,1013,10003,10847,1186,6900,10228,874,7044,9663,602,8766,11996,506,6482,5043,621,3499,8555,105,967,2061,307,1494,2818,269,2326,20619,2631,2268,51125,6934,10461,14168,1768,10016,8385,789,5367,3648,1539,2109,4408,985,2781,26837,952,11636,10095,730,8840,53048,838,15090,22082,1510,10436,24217,4085,18593,45218,2183,16109,12736,2179,4957,3042,443,1125,11599,1858,8980,24312,1808,11055,8816,2019,6696,9485,1693,7104,62571,26611,19727,55859,11589,35829,9580,969,8431,13960,1303,12018,12080,2212,3278,10369,1920,8074,919,166,739,664,115,483,5426,827,4394,4561,648,3579,16441,8310,7583,15692,4918,9422,47373,1070,18361,47338,1112,20352,6742,564,3219,4066,163,3801,11663,1151,8466,6795,1464,5313,7698,1842,4568,8101,816,6384,5129,1059,3907,1714,130,1353,8240,1281,6219,15110,1153,9047,23071,4018,14991,55850,2010,12954,3547,498,1373,19496,59,474,5556,517,4057,17044,475,3740,5458,729,3856,4577,394,3795,32996,2025,12218,31212,2760,14937,9712,1259,6739,9950,334,4081,11967,1033,5440,18029,331,4653,33891,4841,23810,43929,5896,32445,4873,489,3956,8952,371,4837,3102,406,2590,3336,371,2929,59163,25123,20363,47479,14602,30639,15105,5790,9037,17769,5702,11937,20686,2990,13146,18147,3034,13368,7055,705,5957,6951,689,5784,28029,2193,13217,29893,2869,13480,17837,1452,13039,35180,1648,18653,21621,2153,10154,12897,1385,8897,9444,2212,6213,3771,956,2690,7547,465,2994,14245,410,4667,,0
adult_TD_sub-22_T1w,3777,663,1429,1687,87,198,1507,0,802,375,0,75,421,0,279,3396,0,693,102215,13,17210,6879,0,6230,7189,182,6848,165344,33,59147,194502,69,63595,6412,0,4364,7679,0,4615,2989876,24760,894744,3075878,17057,1058450,3345,9,3154,6720,5,1286,1115,50,832,569,13,256,42655,16472,12173,44109,12646,14762,1999,0,591,164,0,0,11418,0,5935,7507,3,4681,16352,13,10182,11987,41,10395,6097,39,812,7335,18,2407,63150,68,14460,13256,3,5497,13202,16,2351,1916,0,720,851,29,768,10678,220,10209,10686,105,10201,10506,40,7970,10643,1,6728,3175,39,2274,3314,5,2104,17095,25,13325,36547,23,17835,6255,14,6204,15692,3,8305,12066,51,9182,8952,3,6904,8504,24,7927,13942,34,8819,5100,3,3552,15151,11,333,2037,3,1956,2908,1,2656,18963,170,3584,42973,505,11767,13048,7,9989,7456,47,5282,3037,37,2942,4102,55,3342,33833,0,14587,9174,10,6892,53198,1,15721,18408,406,8067,25046,226,23096,44650,64,17052,8760,381,7896,2057,12,1077,15517,46,10133,36938,41,9713,7492,125,6749,6587,91,5710,60073,1768,40708,52566,847,45415,9974,6,9849,20477,28,20194,12694,42,5795,7947,66,7276,2233,0,2223,2436,0,2394,6449,4,5905,9000,5,8518,14979,632,13692,11436,388,9737,52738,3,20855,42451,11,15367,8464,38,4197,5105,10,4745,10310,10,9272,8235,48,7974,8117,31,6648,10221,61,9694,2957,39,2808,3460,3,3090,13897,234,11432,17155,200,11112,30827,56,26935,72645,70,20182,3937,0,1885,20676,0,395,6079,71,5144,18786,1,4249,5931,520,4773,5457,0,4883,39462,56,19539,27580,9,16066,6743,20,5676,11987,2,2188,11149,15,5677,13962,1,3314,35988,58,27719,41987,62,36558,4081,0,3803,8495,0,4469,2489,10,2441,1516,6,1403,55277,1058,38099,51150,650,44318,15866,41,15558,18124,46,17833,15578,152,12877,17806,32,16862,5405,28,5105,6820,11,6279,29628,18,16354,34758,85,20146,18021,85,14460,32883,2,17637,18806,9,8906,14821,83,11287,8780,104,7719,4817,80,4680,8034,14,3270,12182,3,4466,,0
adult_TD_sub-27_T1w,2712,604,862,402,136,55,1394,18,903,546,27,191,222,2,198,1350,2,486,97563,478,15533,4719,39,4523,5649,74,5319,163523,1175,57802,203209,2009,45055,11725,0,4730,3326,6,2231,3329866,25237,875427,3237484,28798,1055829,2129,118,1805,7899,3347,2428,1117,257,546,577,119,79,68241,22525,8515,42244,16219,9639,689,0,351,8,0,2,8916,373,5319,6512,79,4903,22954,239,8850,12147,354,9791,5155,58,578,6560,193,2145,63385,1057,12513,12339,181,6486,10366,302,2762,1204,9,669,1539,37,381,14239,908,12742,11409,502,10206,9938,208,7198,8647,340,5781,3342,262,1558,4461,175,1844,13688,1020,10537,29708,782,13563,5111,142,4820,24470,139,7546,10030,466,7558,9522,164,7056,8077,353,7695,13464,247,8885,3685,196,3288,14029,67,797,1188,49,994,1925,51,1467,19912,761,4058,49882,2493,9659,11483,344,8571,12222,451,6217,3699,600,2983,4159,565,2817,24941,112,8142,8235,84,6900,52439,25,14658,22981,1192,9339,22509,862,19149,72893,468,17136,7945,564,6727,2943,150,1321,12914,751,10662,26847,759,12344,9709,992,8145,8565,574,6784,53424,7027,33875,51224,3317,41519,9611,177,9310,17294,410,16611,12653,668,3990,10378,609,7302,646,38,563,1270,22,1120,8495,66,7557,6538,116,5300,17873,2730,14606,17685,2037,12841,42246,129,17036,44220,134,13357,3719,174,2363,3735,48,3658,8439,366,6377,4853,493,4041,6128,348,4425,2470,95,2189,5937,224,4688,2243,149,1756,9436,820,6407,18107,405,8057,24831,1542,18696,59262,538,14166,3510,63,1015,22158,5,143,5449,108,4887,16092,157,3940,6294,58,4543,6448,112,6086,43720,757,19633,26667,353,16319,6097,208,5297,8244,46,3063,9902,238,5504,12051,12,3477,35367,1224,27111,37803,866,31965,5316,77,4585,8788,44,4999,2172,117,1878,2045,203,1745,42779,4617,32710,46123,2512,39309,14440,641,13118,15967,632,15154,14579,613,10844,15862,469,14587,6193,338,5515,6252,62,5114,30940,528,12350,26239,656,15624,18060,689,11782,32304,309,17670,22163,667,9024,8704,292,4515,7717,626,6012,3019,295,2626,10379,109,3184,14734,53,4816,,0
adult_TD_sub-28_T1w,3997,1862,1119,2506,142,2,1211,91,990,737,52,536,1230,39,719,2376,5,254,45725,2477,19083,6494,51,6377,6708,45,6567,225434,8351,76799,204111,7803,73074,5269,130,4680,6345,301,4432,2760560,93397,877289,2800656,111557,1115622,2846,154,1856,9359,1357,1483,1075,251,280,643,72,80,40227,13501,5113,39257,16564,7176,855,0,853,19,0,11,7020,12,6851,6323,342,5543,14210,374,11035,12095,1091,9955,2727,523,1163,3826,743,1799,57159,2688,10144,10720,477,5339,8378,927,1973,1616,115,970,1507,305,1145,17717,8729,8077,13045,3095,8439,15173,2075,8438,9619,435,7874,5926,2990,821,3814,692,1111,20023,2181,12923,16396,2642,9187,7351,311,7038,23001,1181,7506,11110,1270,7952,8297,630,5862,9474,759,8496,15662,416,8730,5886,874,4002,8077,249,1239,3034,955,1926,7015,469,3635,26601,4854,2376,44164,10819,8900,15165,1755,11147,12559,1225,6070,4979,3321,1282,5061,2379,1637,26039,1379,10820,8689,330,5373,51602,871,19919,27379,1311,10416,33817,5973,25183,54926,1882,18944,14381,5021,5746,3462,695,1549,12773,3185,8739,21771,1967,11190,9033,4614,2669,7868,3509,4048,85992,30821,11434,62923,15178,35035,15164,1153,13392,19791,1267,17353,11019,4554,1638,11896,3147,7278,1412,225,1008,1744,175,1143,7975,1027,6502,10887,2192,7939,18233,11917,6046,21135,11243,6911,39721,1203,23221,39505,709,18504,3344,437,2660,5940,93,5351,15127,1564,9404,7876,1299,5886,8002,3662,3430,10936,1254,8799,6693,1220,5347,3471,347,2772,11273,2127,8349,14015,1534,9175,32354,6040,21196,42259,3448,22278,3846,229,2071,15617,180,445,6228,652,5075,16867,455,5755,7837,734,5452,6377,328,4736,35464,2700,17692,26257,1980,15653,9924,3086,4653,6695,341,3620,9237,829,5572,14802,235,3666,38218,10027,24732,40597,6695,30855,4237,335,3839,8947,281,5484,3093,713,2123,2695,758,1845,61412,24747,13022,51944,20969,25924,12653,5887,6353,14176,6030,7783,20469,3315,14005,15120,1786,12197,6187,609,5396,4962,250,3510,27862,3838,14354,31670,4451,14848,19388,906,12713,35666,1183,22234,25098,7444,6666,19743,3114,11364,8377,4537,3177,6373,1228,4862,8502,227,2421,7371,221,3815,,0
adult_TD_sub-39_T1w,5050,494,995,945,35,24,1629,17,1506,768,29,461,140,2,118,1456,0,651,118798,109,8277,4880,13,4586,5959,14,5810,179315,2345,61677,219105,2426,69322,8249,2,2975,6539,0,2267,3230954,43897,848473,3129435,31833,1081505,1904,44,1300,3380,148,336,664,10,264,464,16,69,45475,12457,6803,34784,10586,8080,686,0,333,48,0,2,9222,2,5691,5833,23,5295,29514,34,4266,7493,336,3717,6269,31,200,6176,186,904,83008,1206,16257,14133,67,5940,18786,145,3097,1285,23,1164,1096,84,984,13995,639,12311,11658,323,11055,15754,216,10397,5946,251,5538,2770,261,882,4866,402,2483,11958,320,9724,30811,914,13887,5364,99,5238,23116,271,10193,11052,700,9386,11223,158,8571,7645,181,7174,8964,100,6910,3917,272,3451,8165,78,1394,3640,59,3575,1589,35,860,28772,2758,3767,62598,5240,11987,12473,441,9356,11095,90,4559,4888,1781,2709,5432,1384,2291,30780,158,12066,8166,144,5761,43393,342,13225,17721,362,7071,25514,1400,23142,63928,968,21214,14387,842,11806,3455,79,2443,10934,60,9900,18920,70,13534,8688,1385,6789,9625,900,8464,65883,6286,29651,52305,4475,42347,15630,80,15527,13074,625,10978,13557,1561,3482,13753,1757,9874,1876,6,1851,1781,25,1537,6850,50,6305,5602,41,4796,24195,3715,20096,20481,1931,17201,30611,135,17339,35673,76,14921,4403,568,3163,4574,74,4464,11119,277,7532,9810,486,8849,4465,110,2026,4723,302,3906,7076,55,6394,3527,95,3229,7710,461,6919,13068,241,9256,27485,1412,22478,33436,824,21141,2931,192,1737,21150,1,368,6848,58,5990,17187,112,4514,6954,65,5634,5950,19,5500,38142,493,19730,27712,157,11725,11896,400,9261,7967,27,2887,10683,163,5954,13293,6,4152,36960,728,31530,38481,986,34005,5125,40,4996,10594,21,5949,2299,131,2033,2090,208,1802,51550,5817,33177,46621,2784,40736,15692,245,14959,16551,316,16148,20868,376,18235,18097,278,15409,7349,102,6978,5011,104,4657,30304,265,11692,19739,443,12640,16108,267,10710,28631,168,16876,23471,748,8681,14609,472,9565,7414,274,5997,4470,369,3951,10890,85,3810,11012,64,5595,,0
